Name,Caps,Total Goals,Goals per cap,Adjusted Total,Friendly,World Cup Qualifier,World Cup Finals,European Championship Qualifier,European Championship Finals,British Home Championship,Rous Cup,Nations' Cup (Taça das Nações),US Bicentennial Cup Tournament,Ciudad de México Cup,United States Cup,Umbro International Trophy,Azteca 2000 Tournament,King Hassan II Tournament,FA Summer Tournament,Tournoi de France,England Challenge Cup,UEFA Nations League
Harry Kane,103,69,0.67,80,8,17,8,23,7,0,0,0,0,0,0,0,0,0,0,0,0,6
Wayne Rooney,120,53,0.44,53,14,16,1,14,6,0,0,0,0,0,0,0,0,0,2,0,0,0
Bobby Charlton,106,49,0.46,43,22,5,4,4,1,13,0,0,0,0,0,0,0,0,0,0,0,0
Gary Lineker,80,48,0.6,46,24,5,10,7,0,0,2,0,0,0,0,0,0,0,0,0,0,0
Jimmy Greaves,57,44,0.77,35,20,3,1,0,0,19,0,1,0,0,0,0,0,0,0,0,0,0
Michael Owen,89,40,0.45,40,12,9,4,11,2,0,0,0,0,0,0,0,0,1,1,0,0,0
Tom Finney,76,30,0.39,23,18,0,2,0,0,10,0,0,0,0,0,0,0,0,0,0,0,0
Alan Shearer,63,30,0.48,35,8,6,2,6,7,0,0,0,0,0,0,0,0,0,0,1,0,0
Nat Lofthouse,33,30,0.91,24.5,17,3,3,0,0,7,0,0,0,0,0,0,0,0,0,0,0,0
Frank Lampard,106,29,0.27,27.5,9,13,0,3,3,0,0,0,0,0,0,0,0,0,1,0,0,0
Vivian Woodward,23,29,1.26,21.5,15,0,0,0,0,14,0,0,0,0,0,0,0,0,0,0,0,0
Steve Bloomer,23,28,1.22,28,0,0,0,0,0,28,0,0,0,0,0,0,0,0,0,0,0,0
David Platt,62,27,0.44,25.5,11,7,3,1,1,0,0,0,0,0,2,2,0,0,0,0,0,0
Bryan Robson,90,26,0.29,25,8,7,2,5,1,2,0,0,0,0,0,0,1,0,0,0,0,0
Geoff Hurst,49,24,0.49,27,6,0,5,7,1,5,0,0,0,0,0,0,0,0,0,0,0,0
Stan Mortensen,25,23,0.92,17,14,3,1,0,0,5,0,0,0,0,0,0,0,0,0,0,0,0
Peter Crouch,42,22,0.52,17,12,4,1,5,0,0,0,0,0,0,0,0,0,0,0,0,0,0
Tommy Lawton,23,22,0.96,14.5,15,0,0,0,0,7,0,0,0,0,0,0,0,0,0,0,0,0
Steven Gerrard,114,21,0.18,22.5,5,8,3,4,1,0,0,0,0,0,0,0,0,0,0,0,0,0
Kevin Keegan,63,21,0.33,18.5,5,5,0,8,0,3,0,0,0,0,0,0,0,0,0,0,0,0
Mick Channon,46,21,0.46,17.5,7,3,0,3,0,6,0,0,2,0,0,0,0,0,0,0,0,0
Raheem Sterling,82,20,0.24,23.5,1,2,1,10,3,0,0,0,0,0,0,0,0,0,0,0,0,3
Martin Peters,67,20,0.3,19,6,0,2,5,0,7,0,0,0,0,0,0,0,0,0,0,0,0
Jermain Defoe,57,20,0.35,18,6,8,1,5,0,0,0,0,0,0,0,0,0,0,0,0,0,0
Johnny Haynes,56,18,0.32,15.5,7,2,1,0,0,8,0,0,0,0,0,0,0,0,0,0,0,0
Roger Hunt,34,18,0.53,15.5,11,0,3,1,0,2,0,1,0,0,0,0,0,0,0,0,0,0
Dixie Dean,16,18,1.12,11.5,13,0,0,0,0,5,0,0,0,0,0,0,0,0,0,0,0,0
George Camsell,9,18,2,12,12,0,0,0,0,6,0,0,0,0,0,0,0,0,0,0,0,0
David Beckham,115,17,0.15,18,4,5,3,5,0,0,0,0,0,0,0,0,0,0,0,0,0,0
Marcus Rashford,60,17,0.28,18,4,1,3,5,0,0,0,0,0,0,0,0,0,0,0,0,0,4
Danny Welbeck,42,16,0.38,15,4,5,0,6,1,0,0,0,0,0,0,0,0,0,0,0,0,0
Tony Woodcock,42,16,0.38,15.5,3,5,0,5,1,2,0,0,0,0,0,0,0,0,0,0,0,0
Tommy Taylor,19,16,0.84,12,8,8,0,0,0,0,0,0,0,0,0,0,0,0,0,0,0,0
Paul Scholes,66,14,0.21,16,2,3,1,5,2,0,0,0,0,0,0,0,0,0,0,1,0,0
Tinsley Lindley,13,14,1.08,14,0,0,0,0,0,14,0,0,0,0,0,0,0,0,0,0,0,0
George Hilsdon,8,14,1.75,10,8,0,0,0,0,6,0,0,0,0,0,0,0,0,0,0,0,0
Paul Mariner,35,13,0.37,12,4,4,1,2,0,2,0,0,0,0,0,0,0,0,0,0,0,0
Martin Chivers,24,13,0.54,11.5,3,0,0,5,0,5,0,0,0,0,0,0,0,0,0,0,0,0
Bobby Smith,15,13,0.87,11.5,3,2,0,1,0,7,0,0,0,0,0,0,0,0,0,0,0,0
Trevor Francis,52,12,0.23,12.5,3,1,2,5,0,1,0,0,0,0,0,0,0,0,0,0,0,0
Bukayo Saka,43,12,0.28,15.5,1,3,3,4,1,0,0,0,0,0,0,0,0,0,0,0,0,0
Cliff Bastin,21,12,0.57,8.5,7,0,0,0,0,5,0,0,0,0,0,0,0,0,0,0,0,0
John Goodall,14,12,0.86,12,0,0,0,0,0,12,0,0,0,0,0,0,0,0,0,0,0,0
John Barnes,79,11,0.14,9.5,3,5,0,3,0,0,0,0,0,0,0,0,0,0,0,0,0,0
Stanley Matthews,54,11,0.2,8.5,5,0,0,0,0,6,0,0,0,0,0,0,0,0,0,0,0,0
Teddy Sheringham,51,11,0.22,11,4,4,0,0,2,0,0,0,0,0,0,1,0,0,0,0,0,0
Bryan Douglas,36,11,0.31,8,6,0,0,0,0,5,0,0,0,0,0,0,0,0,0,0,0,0
Wilf Mannion,26,11,0.42,10.5,3,0,1,0,0,7,0,0,0,0,0,0,0,0,0,0,0,0
GO Smith,20,11,0.55,11,0,0,0,0,0,11,0,0,0,0,0,0,0,0,0,0,0,0
Charlie Bambridge,18,11,0.61,7.5,7,0,0,0,0,4,0,0,0,0,0,0,0,0,0,0,0,0
Fred Dewhurst,9,11,1.22,11,0,0,0,0,0,11,0,0,0,0,0,0,0,0,0,0,0,0
Paul Gascoigne,57,10,0.18,10,2,7,0,0,1,0,0,0,0,0,0,0,0,0,0,0,0,0
Joe Cole,56,10,0.18,9,4,4,1,1,0,0,0,0,0,0,0,0,0,0,0,0,0,0
Ron Flowers,49,10,0.2,9,6,1,2,1,0,0,0,0,0,0,0,0,0,0,0,0,0,0
Franny Lee,27,10,0.37,8,4,0,0,3,0,3,0,0,0,0,0,0,0,0,0,0,0,0
Allan Clarke,19,10,0.53,8,6,1,1,1,0,1,0,0,0,0,0,0,0,0,0,0,0,0
Eric Brook,18,10,0.56,8,4,0,0,0,0,6,0,0,0,0,0,0,0,0,0,0,0,0
Jackie Milburn,13,10,0.77,8,4,3,0,0,0,3,0,0,0,0,0,0,0,0,0,0,0,0
Dennis Wilshaw,12,10,0.83,10.5,1,2,1,0,0,6,0,0,0,0,0,0,0,0,0,0,0,0
Peter Beardsley,59,9,0.15,9,2,2,1,3,0,0,1,0,0,0,0,0,0,0,0,0,0,0
Colin Bell,48,9,0.19,7,4,1,0,2,0,2,0,0,0,0,0,0,0,0,0,0,0,0
Ian Wright,33,9,0.27,8.5,1,7,0,0,0,0,0,0,0,0,0,0,0,0,0,1,0,0
Mark Hateley,32,9,0.28,7,4,4,0,0,0,0,0,0,0,1,0,0,0,0,0,0,0,0
Billy Walker,18,9,0.5,7,4,0,0,0,0,5,0,0,0,0,0,0,0,0,0,0,0,0
Roy Bentley,12,9,0.75,7,4,1,0,0,0,4,0,0,0,0,0,0,0,0,0,0,0,0
Harold Fleming,11,9,0.82,7.5,3,0,0,0,0,6,0,0,0,0,0,0,0,0,0,0,0,0
Willie Hall,10,9,0.9,8,2,0,0,0,0,7,0,0,0,0,0,0,0,0,0,0,0,0
Alan Ball,72,8,0.11,5,6,0,0,1,0,1,0,0,0,0,0,0,0,0,0,0,0,0
Glenn Hoddle,53,8,0.15,7,2,1,0,3,0,1,1,0,0,0,0,0,0,0,0,0,0,0
Theo Walcott,47,8,0.17,8.5,1,3,0,3,1,0,0,0,0,0,0,0,0,0,0,0,0,0
Daniel Sturridge,26,8,0.31,9,2,4,1,0,1,0,0,0,0,0,0,0,0,0,0,0,0,0
Billy Bassett,16,8,0.5,8,0,0,0,0,0,8,0,0,0,0,0,0,0,0,0,0,0,0
Ivor Broadis,14,8,0.57,7.5,5,1,2,0,0,0,0,0,0,0,0,0,0,0,0,0,0,0
Derek Kevan,14,8,0.57,8.5,3,0,2,0,0,3,0,0,0,0,0,0,0,0,0,0,0,0
Bob Kelly,14,8,0.57,7.5,1,0,0,0,0,7,0,0,0,0,0,0,0,0,0,0,0,0
Johnny Byrne,11,8,0.73,4,8,0,0,0,0,0,0,0,0,0,0,0,0,0,0,0,0,0
George Holley,10,8,0.8,6,4,0,0,0,0,4,0,0,0,0,0,0,0,0,0,0,0,0
Freddie Steele,6,8,1.33,4.5,7,0,0,0,0,1,0,0,0,0,0,0,0,0,0,0,0,0
Harry Maguire,64,7,0.11,8.5,1,4,1,0,1,0,0,0,0,0,0,0,0,0,0,0,0,0
Emile Heskey,62,7,0.11,6,4,2,1,0,0,0,0,0,0,0,0,0,0,0,0,0,0,0
Steve Coppell,42,7,0.17,6,2,0,0,1,0,4,0,0,0,0,0,0,0,0,0,0,0,0
Ashley Young,39,7,0.18,5.5,3,1,0,3,0,0,0,0,0,0,0,0,0,0,0,0,0,0
Alex Oxlade-Chamberlain,35,7,0.2,6,2,3,0,2,0,0,0,0,0,0,0,0,0,0,0,0,0,0
Darren Anderton,30,7,0.23,6,4,0,1,0,0,0,0,0,0,0,0,2,0,0,0,0,0,0
Jamie Vardy,26,7,0.27,5.5,5,1,0,0,1,0,0,0,0,0,0,0,0,0,0,0,0,0
Robbie Fowler,26,7,0.27,4,6,1,0,0,0,0,0,0,0,0,0,0,0,0,0,0,0,0
Sammy Crooks,26,7,0.27,5,4,0,0,0,0,3,0,0,0,0,0,0,0,0,0,0,0,0
John Connelly,20,7,0.35,4.5,5,1,0,0,0,1,0,0,0,0,0,0,0,0,0,0,0,0
Terry Paine,19,7,0.37,5,4,0,0,0,0,3,0,0,0,0,0,0,0,0,0,0,0,0
Raich Carter,13,7,0.54,5,4,0,0,0,0,3,0,0,0,0,0,0,0,0,0,0,0,0
Joe Bradford,12,7,0.58,4.5,5,0,0,0,0,2,0,0,0,0,0,0,0,0,0,0,0,0
Jimmy Windridge,8,7,0.88,4.5,5,0,0,0,0,2,0,0,0,0,0,0,0,0,0,0,0,0
John Terry,78,6,0.08,3.5,5,1,0,0,0,0,0,0,0,0,0,0,0,0,0,0,0,0
Chris Waddle,62,6,0.1,5.5,1,2,0,2,0,0,1,0,0,0,0,0,0,0,0,0,0,0
Jude Bellingham,40,6,0.15,8,2,0,1,0,2,0,0,0,0,0,0,0,0,0,0,0,0,1
Shaun Wright-Phillips,36,6,0.17,4.5,3,1,0,2,0,0,0,0,0,0,0,0,0,0,0,0,0,0
Jack Charlton,35,6,0.17,4,4,0,0,2,0,0,0,0,0,0,0,0,0,0,0,0,0,0
Ross Barkley,33,6,0.18,6,0,0,0,6,0,0,0,0,0,0,0,0,0,0,0,0,0,0
Jesse Lingard,32,6,0.19,6,2,2,1,0,0,0,0,0,0,0,0,0,0,0,0,0,0,1
Darius Vassell,22,6,0.27,4.5,3,0,0,1,0,0,0,0,0,0,0,0,0,0,2,0,0,0
Malcolm Macdonald,14,6,0.43,5.5,1,0,0,5,0,0,0,0,0,0,0,0,0,0,0,0,0,0
Jimmy Mullen,12,6,0.5,5,4,1,1,0,0,0,0,0,0,0,0,0,0,0,0,0,0,0
Nevill Cobbold,9,6,0.67,4.5,3,0,0,0,0,3,0,0,0,0,0,0,0,0,0,0,0,0
David Johnson,8,6,0.75,5,2,0,0,0,0,4,0,0,0,0,0,0,0,0,0,0,0,0
Jimmy Settle,6,6,1,6,0,0,0,0,0,6,0,0,0,0,0,0,0,0,0,0,0,0
Jack Rowley,6,6,1,5,2,4,0,0,0,0,0,0,0,0,0,0,0,0,0,0,0,0
Howard Vaughton,5,6,1.2,3,6,0,0,0,0,0,0,0,0,0,0,0,0,0,0,0,0,0
Ted Drake,5,6,1.2,3,6,0,0,0,0,0,0,0,0,0,0,0,0,0,0,0,0,0
Fred Wheldon,4,6,1.5,6,0,0,0,0,0,6,0,0,0,0,0,0,0,0,0,0,0,0
Fred Tilson,4,6,1.5,5,2,0,0,0,0,4,0,0,0,0,0,0,0,0,0,0,0,0
Stuart Pearce,78,5,0.06,3.5,3,2,0,0,0,0,0,0,0,0,0,0,0,0,0,0,0,0
Tony Adams,66,5,0.08,4.5,3,0,0,1,1,0,0,0,0,0,0,0,0,0,0,0,0,0
Declan Rice,62,5,0.08,5,0,1,0,1,0,0,0,0,0,0,0,0,0,0,0,0,0,3
Gary Cahill,61,5,0.08,3.5,3,1,0,1,0,0,0,0,0,0,0,0,0,0,0,0,0,0
Phil Neal,50,5,0.1,4.5,1,0,0,2,0,2,0,0,0,0,0,0,0,0,0,0,0,0
Trevor Brooking,47,5,0.11,6,0,3,0,0,1,1,0,0,0,0,0,0,0,0,0,0,0,0
Mason Mount,36,5,0.14,5,0,1,0,1,0,0,0,0,0,0,0,0,0,0,0,0,0,3
Ollie Watkins,18,5,0.28,5,2,1,0,0,1,0,0,0,0,0,0,0,0,0,0,0,0,1
Duncan Edwards,18,5,0.28,4.5,1,2,0,0,0,2,0,0,0,0,0,0,0,0,0,0,0,0
Les Ferdinand,17,5,0.29,4.5,1,4,0,0,0,0,0,0,0,0,0,0,0,0,0,0,0,0
Stuart Pearson,15,5,0.33,3.5,3,1,0,0,0,1,0,0,0,0,0,0,0,0,0,0,0,0
Bob Latchford,12,5,0.42,5,0,0,0,4,0,1,0,0,0,0,0,0,0,0,0,0,0,0
George Brown,9,5,0.56,3,4,0,0,0,0,1,0,0,0,0,0,0,0,0,0,0,0,0
Eddie Baily,9,5,0.56,5,0,0,0,0,0,5,0,0,0,0,0,0,0,0,0,0,0,0
Harry Cursham,8,5,0.62,4,2,0,0,0,0,3,0,0,0,0,0,0,0,0,0,0,0,0
Henry Chambers,8,5,0.62,4,2,0,0,0,0,3,0,0,0,0,0,0,0,0,0,0,0,0
Stan Pearson,8,5,0.62,5,0,2,0,0,0,3,0,0,0,0,0,0,0,0,0,0,0,0
Fred Spiksley,7,5,0.71,5,0,0,0,0,0,5,0,0,0,0,0,0,0,0,0,0,0,0
Eric Houghton,7,5,0.71,4,2,0,0,0,0,3,0,0,0,0,0,0,0,0,0,0,0,0
Gerry Hitchens,7,5,0.71,4,4,0,1,0,0,0,0,0,0,0,0,0,0,0,0,0,0,0
John Atyeo,6,5,0.83,4.5,1,4,0,0,0,0,0,0,0,0,0,0,0,0,0,0,0,0
Clem Mitchell,5,5,1,3,4,0,0,0,0,1,0,0,0,0,0,0,0,0,0,0,0,0
Tommy Johnson,5,5,1,3.5,3,0,0,0,0,2,0,0,0,0,0,0,0,0,0,0,0,0
Benjamin Spilsbury,3,5,1.67,5,0,0,0,0,0,5,0,0,0,0,0,0,0,0,0,0,0,0
Jimmy Hampson,3,5,1.67,4,2,0,0,0,0,3,0,0,0,0,0,0,0,0,0,0,0,0
Fred Pickering,3,5,1.67,3,4,0,0,0,0,1,0,0,0,0,0,0,0,0,0,0,0,0
Dave Watson,65,4,0.06,4,0,0,0,3,0,1,0,0,0,0,0,0,0,0,0,0,0,0
Phil Foden,43,4,0.09,4.5,1,0,1,0,0,0,0,0,0,0,0,0,0,0,0,0,0,2
Jack Grealish,39,4,0.1,5,0,1,1,0,0,0,0,0,0,0,0,0,0,0,0,0,0,2
Trevor Steven,36,4,0.11,2,4,0,0,0,0,0,0,0,0,0,0,0,0,0,0,0,0,0
Trent Alexander-Arnold,33,4,0.12,3,2,0,0,1,0,0,0,0,0,0,0,0,0,0,0,0,0,1
Neil Webb,26,4,0.15,3,2,1,0,1,0,0,0,0,0,0,0,0,0,0,0,0,0,0
Nicky Barmby,23,4,0.17,2.5,3,1,0,0,0,0,0,0,0,0,0,0,0,0,0,0,0,0
Peter Barnes,22,4,0.18,3.5,1,0,0,1,0,2,0,0,0,0,0,0,0,0,0,0,0,0
Bobby Robson,20,4,0.2,2.5,3,0,0,0,0,1,0,0,0,0,0,0,0,0,0,0,0,0
Len Goulden,14,4,0.29,2,4,0,0,0,0,0,0,0,0,0,0,0,0,0,0,0,0,0
Steve Bull,13,4,0.31,2.5,3,0,0,0,0,0,1,0,0,0,0,0,0,0,0,0,0,0
Darren Bent,13,4,0.31,3.5,1,0,0,3,0,0,0,0,0,0,0,0,0,0,0,0,0,0
Dominic Calvert-Lewin,11,4,0.36,3,2,2,0,0,0,0,0,0,0,0,0,0,0,0,0,0,0,0
Joe Hulme,9,4,0.44,3.5,1,0,0,0,0,3,0,0,0,0,0,0,0,0,0,0,0,0
Kerry Dixon,8,4,0.5,3,2,0,0,0,0,0,0,0,0,0,0,0,2,0,0,0,0,0
Joe Bache,7,4,0.57,4,0,0,0,0,0,4,0,0,0,0,0,0,0,0,0,0,0,0
Don Revie,6,4,0.67,3,2,0,0,0,0,2,0,0,0,0,0,0,0,0,0,0,0,0
Ernie Hine,6,4,0.67,4,0,0,0,0,0,4,0,0,0,0,0,0,0,0,0,0,0,0
Charlie Buchan,6,4,0.67,3,2,0,0,0,0,2,0,0,0,0,0,0,0,0,0,0,0,0
Vic Watson,5,4,0.8,4,0,0,0,0,0,4,0,0,0,0,0,0,0,0,0,0,0,0
Pongo Waring,5,4,0.8,3.5,1,0,0,0,0,3,0,0,0,0,0,0,0,0,0,0,0,0
Harold Hassall,5,4,0.8,3.5,1,2,0,0,0,1,0,0,0,0,0,0,0,0,0,0,0,0
Jackie Hegan,4,4,1,2,4,0,0,0,0,0,0,0,0,0,0,0,0,0,0,0,0,0
Harry Burgess,4,4,1,3,2,0,0,0,0,2,0,0,0,0,0,0,0,0,0,0,0,0
Arthur Brown,3,4,1.33,2,4,0,0,0,0,0,0,0,0,0,0,0,0,0,0,0,0,0
Joe Carter,3,4,1.33,2,4,0,0,0,0,0,0,0,0,0,0,0,0,0,0,0,0,0
Jack Smith,3,4,1.33,3,2,0,0,0,0,2,0,0,0,0,0,0,0,0,0,0,0,0
Billy Wright,105,3,0.03,2,2,0,0,0,0,1,0,0,0,0,0,0,0,0,0,0,0,0
Ray Wilkins,84,3,0.04,3.5,1,0,0,0,1,1,0,0,0,0,0,0,0,0,0,0,0,0
John Stones,83,3,0.04,5,0,1,2,0,0,0,0,0,0,0,0,0,0,0,0,0,0,0
Rio Ferdinand,81,3,0.04,4,0,1,1,1,0,0,0,0,0,0,0,0,0,0,0,0,0,0
Jordan Henderson,81,3,0.04,5,0,1,1,0,1,0,0,0,0,0,0,0,0,0,0,0,0,0
Terry Butcher,77,3,0.04,3,0,0,0,1,0,1,1,0,0,0,0,0,0,0,0,0,0,0
Gareth Barry,53,3,0.06,2,2,1,0,0,0,0,0,0,0,0,0,0,0,0,0,0,0,0
Eric Dier,49,3,0.06,3.5,1,1,0,0,1,0,0,0,0,0,0,0,0,0,0,0,0,0
Phil Jagielka,40,3,0.07,2,2,0,0,1,0,0,0,0,0,0,0,0,0,0,0,0,0,0
Dele Alli,37,3,0.08,3.5,1,1,1,0,0,0,0,0,0,0,0,0,0,0,0,0,0,0
Steve McManaman,37,3,0.08,4,0,0,0,2,1,0,0,0,0,0,0,0,0,0,0,0,0,0
Luke Shaw,34,3,0.09,3.5,1,0,0,0,1,0,0,0,0,0,0,0,0,0,0,0,0,1
Adam Lallana,34,3,0.09,2.5,1,2,0,0,0,0,0,0,0,0,0,0,0,0,0,0,0,0
Alf Ramsey,32,3,0.09,1.5,3,0,0,0,0,0,0,0,0,0,0,0,0,0,0,0,0,0
Terry McDermott,25,3,0.12,3,0,3,0,0,0,0,0,0,0,0,0,0,0,0,0,0,0,0
Jadon Sancho,23,3,0.13,2.5,1,0,0,2,0,0,0,0,0,0,0,0,0,0,0,0,0,0
Paul Merson,21,3,0.14,1.5,3,0,0,0,0,0,0,0,0,0,0,0,0,0,0,0,0,0
Ray Kennedy,17,3,0.18,2.5,1,2,0,0,0,0,0,0,0,0,0,0,0,0,0,0,0,0
Tony Currie,17,3,0.18,2,2,0,0,0,0,1,0,0,0,0,0,0,0,0,0,0,0,0
Ernest Needham,16,3,0.19,3,0,0,0,0,0,3,0,0,0,0,0,0,0,0,0,0,0,0
Luther Blissett,14,3,0.21,3,0,0,0,3,0,0,0,0,0,0,0,0,0,0,0,0,0,0
Andros Townsend,13,3,0.23,2.5,1,1,0,1,0,0,0,0,0,0,0,0,0,0,0,0,0,0
Charlie Athersmith,12,3,0.25,3,0,0,0,0,0,3,0,0,0,0,0,0,0,0,0,0,0,0
Gerry Francis,12,3,0.25,3,0,0,0,0,0,3,0,0,0,0,0,0,0,0,0,0,0,0
Tammy Abraham,11,3,0.27,3,0,2,0,1,0,0,0,0,0,0,0,0,0,0,0,0,0,0
Rickie Lambert,11,3,0.27,2,2,1,0,0,0,0,0,0,0,0,0,0,0,0,0,0,0,0
Arthur Bridgett,11,3,0.27,1.5,3,0,0,0,0,0,0,0,0,0,0,0,0,0,0,0,0,0
Jock Rutherford,11,3,0.27,1.5,3,0,0,0,0,0,0,0,0,0,0,0,0,0,0,0,0,0
Billy Mosforth,9,3,0.33,1.5,3,0,0,0,0,0,0,0,0,0,0,0,0,0,0,0,0,0
David Jack,9,3,0.33,2,2,0,0,0,0,1,0,0,0,0,0,0,0,0,0,0,0,0
Jack Reynolds,8,3,0.38,3,0,0,0,0,0,3,0,0,0,0,0,0,0,0,0,0,0,0
Joe Baker,8,3,0.38,2.5,1,0,0,0,0,2,0,0,0,0,0,0,0,0,0,0,0,0
Joe Lofthouse,7,3,0.43,3,0,0,0,0,0,3,0,0,0,0,0,0,0,0,0,0,0,0
Edgar Chadwick,7,3,0.43,3,0,0,0,0,0,3,0,0,0,0,0,0,0,0,0,0,0,0
Colin Grainger,7,3,0.43,1.5,3,0,0,0,0,0,0,0,0,0,0,0,0,0,0,0,0,0
Frank Broome,7,3,0.43,1.5,3,0,0,0,0,0,0,0,0,0,0,0,0,0,0,0,0,0
Alan Peacock,6,3,0.5,3,0,0,0,0,0,3,0,0,0,0,0,0,0,0,0,0,0,0
Jackie Sewell,6,3,0.5,1.5,3,0,0,0,0,0,0,0,0,0,0,0,0,0,0,0,0,0
Jimmy Brown,5,3,0.6,2,2,0,0,0,0,1,0,0,0,0,0,0,0,0,0,0,0,0
Harry Daft,5,3,0.6,3,0,0,0,0,0,3,0,0,0,0,0,0,0,0,0,0,0,0
Rupert Sandilands,5,3,0.6,3,0,0,0,0,0,3,0,0,0,0,0,0,0,0,0,0,0,0
Tip Foster,5,3,0.6,3,0,0,0,0,0,3,0,0,0,0,0,0,0,0,0,0,0,0
Billy Elliott,5,3,0.6,2,2,0,0,0,0,1,0,0,0,0,0,0,0,0,0,0,0,0
Bert Freeman,5,3,0.6,3,0,0,0,0,0,3,0,0,0,0,0,0,0,0,0,0,0,0
Arthur Rigby,5,3,0.6,1.5,3,0,0,0,0,0,0,0,0,0,0,0,0,0,0,0,0,0
Alf Milward,4,3,0.75,3,0,0,0,0,0,3,0,0,0,0,0,0,0,0,0,0,0,0
Jackie Robinson,4,3,0.75,1.5,3,0,0,0,0,0,0,0,0,0,0,0,0,0,0,0,0,0
Frank Osborne,4,3,0.75,1.5,3,0,0,0,0,0,0,0,0,0,0,0,0,0,0,0,0,0
Francis Sparks,3,3,1,1.5,3,0,0,0,0,0,0,0,0,0,0,0,0,0,0,0,0,0
Jack Southworth,3,3,1,3,0,0,0,0,0,3,0,0,0,0,0,0,0,0,0,0,0,0
Fred Forman,3,3,1,3,0,0,0,0,0,3,0,0,0,0,0,0,0,0,0,0,0,0
Johnny Morris,3,3,1,1.5,3,0,0,0,0,0,0,0,0,0,0,0,0,0,0,0,0,0
George Mills,3,3,1,3,0,0,0,0,0,3,0,0,0,0,0,0,0,0,0,0,0,0
Fred Geary,2,3,1.5,3,0,0,0,0,0,3,0,0,0,0,0,0,0,0,0,0,0,0
Mike O'Grady,2,3,1.5,2.5,1,0,0,0,0,2,0,0,0,0,0,0,0,0,0,0,0,0
Vivian Gibbins,2,3,1.5,1.5,3,0,0,0,0,0,0,0,0,0,0,0,0,0,0,0,0,0
Albert Allen,1,3,3,3,0,0,0,0,0,3,0,0,0,0,0,0,0,0,0,0,0,0
Jack Yates,1,3,3,3,0,0,0,0,0,3,0,0,0,0,0,0,0,0,0,0,0,0
Walter Gilliat,1,3,3,3,0,0,0,0,0,3,0,0,0,0,0,0,0,0,0,0,0,0
John Veitch,1,3,3,3,0,0,0,0,0,3,0,0,0,0,0,0,0,0,0,0,0,0
Frank Bradshaw,1,3,3,1.5,3,0,0,0,0,0,0,0,0,0,0,0,0,0,0,0,0,0
Bobby Moore,108,2,0.02,1,2,0,0,0,0,0,0,0,0,0,0,0,0,0,0,0,0,0
Gareth Southgate,57,2,0.04,1.5,1,0,0,1,0,0,0,0,0,0,0,0,0,0,0,0,0,0
Paul Ince,53,2,0.04,2,0,2,0,0,0,0,0,0,0,0,0,0,0,0,0,0,0,0
Martin Keown,43,2,0.05,1,2,0,0,0,0,0,0,0,0,0,0,0,0,0,0,0,0,0
Jack Wilshere,34,2,0.06,2,0,0,0,2,0,0,0,0,0,0,0,0,0,0,0,0,0,0
Viv Anderson,30,2,0.07,2,0,1,0,1,0,0,0,0,0,0,0,0,0,0,0,0,0,0
Norman Hunter,28,2,0.07,2,0,1,0,1,0,0,0,0,0,0,0,0,0,0,0,0,0,0
Billy Wedlock,26,2,0.08,2,0,0,0,0,0,2,0,0,0,0,0,0,0,0,0,0,0,0
Ben Warren,22,2,0.09,1,2,0,0,0,0,0,0,0,0,0,0,0,0,0,0,0,0,0
Rob Lee,21,2,0.1,1,2,0,0,0,0,0,0,0,0,0,0,0,0,0,0,0,0,0
Ledley King,21,2,0.1,1,2,0,0,0,0,0,0,0,0,0,0,0,0,0,0,0,0,0
Matthew Upson,21,2,0.1,2.5,1,0,1,0,0,0,0,0,0,0,0,0,0,0,0,0,0,0
Norman Bailey,19,2,0.11,1.5,1,0,0,0,0,1,0,0,0,0,0,0,0,0,0,0,0,0
George Eastham,19,2,0.11,1,2,0,0,0,0,0,0,0,0,0,0,0,0,0,0,0,0,0
Tyrone Mings,18,2,0.11,1.5,1,1,0,0,0,0,0,0,0,0,0,0,0,0,0,0,0,0
Sammy Lee,14,2,0.14,2,0,0,0,2,0,0,0,0,0,0,0,0,0,0,0,0,0,0
Alan Smith,13,2,0.15,1.5,1,0,0,1,0,0,0,0,0,0,0,0,0,0,0,0,0,0
Jack Froggatt,13,2,0.15,2,0,1,0,0,0,1,0,0,0,0,0,0,0,0,0,0,0,0
Adam Johnson,12,2,0.17,2,0,0,0,2,0,0,0,0,0,0,0,0,0,0,0,0,0,0
James Ward-Prowse,11,2,0.18,2,0,2,0,0,0,0,0,0,0,0,0,0,0,0,0,0,0,0
Cole Palmer,11,2,0.18,2.5,1,0,0,0,1,0,0,0,0,0,0,0,0,0,0,0,0,0
Gordon Cowans,10,2,0.2,1.5,1,0,0,0,0,1,0,0,0,0,0,0,0,0,0,0,0,0
Callum Wilson,9,2,0.22,1.5,1,0,0,1,0,0,0,0,0,0,0,0,0,0,0,0,0,0
Steve Stone,9,2,0.22,1,2,0,0,0,0,0,0,0,0,0,0,0,0,0,0,0,0,0
Andy Carroll,9,2,0.22,2.5,1,0,0,0,1,0,0,0,0,0,0,0,0,0,0,0,0,0
Kieran Richardson,8,2,0.25,1,2,0,0,0,0,0,0,0,0,0,0,0,0,0,0,0,0,0
Frank Worthington,8,2,0.25,1,2,0,0,0,0,0,0,0,0,0,0,0,0,0,0,0,0,0
Dicky Bond,8,2,0.25,2,0,0,0,0,0,2,0,0,0,0,0,0,0,0,0,0,0,0
Louis Page,7,2,0.29,1.5,1,0,0,0,0,1,0,0,0,0,0,0,0,0,0,0,0,0
George Wall,7,2,0.29,2,0,0,0,0,0,2,0,0,0,0,0,0,0,0,0,0,0,0
Peter Broadbent,7,2,0.29,2,0,0,0,0,0,2,0,0,0,0,0,0,0,0,0,0,0,0
Arthur Cursham,6,2,0.33,1,2,0,0,0,0,0,0,0,0,0,0,0,0,0,0,0,0,0
Joe Royle,6,2,0.33,1.5,1,1,0,0,0,0,0,0,0,0,0,0,0,0,0,0,0,0
Dennis Tueart,6,2,0.33,2,0,1,0,0,0,1,0,0,0,0,0,0,0,0,0,0,0,0
Stanley Harris,6,2,0.33,2,0,0,0,0,0,2,0,0,0,0,0,0,0,0,0,0,0,0
Arthur Henfrey,5,2,0.4,2,0,0,0,0,0,2,0,0,0,0,0,0,0,0,0,0,0,0
Robert Gosling,5,2,0.4,2,0,0,0,0,0,2,0,0,0,0,0,0,0,0,0,0,0,0
Joe Johnson,5,2,0.4,1,2,0,0,0,0,0,0,0,0,0,0,0,0,0,0,0,0,0
Ronnie Allen,5,2,0.4,1.5,1,1,0,0,0,0,0,0,0,0,0,0,0,0,0,0,0,0
Arthur Dunn,4,2,0.5,1,2,0,0,0,0,0,0,0,0,0,0,0,0,0,0,0,0,0
George Cotterill,4,2,0.5,2,0,0,0,0,0,2,0,0,0,0,0,0,0,0,0,0,0,0
Harry Hampton,4,2,0.5,2,0,0,0,0,0,2,0,0,0,0,0,0,0,0,0,0,0,0
Ellis Rimmer,4,2,0.5,2,0,0,0,0,0,2,0,0,0,0,0,0,0,0,0,0,0,0
Peter Taylor,4,2,0.5,1.5,1,0,0,0,0,1,0,0,0,0,0,0,0,0,0,0,0,0
Frank Roberts,4,2,0.5,2,0,0,0,0,0,2,0,0,0,0,0,0,0,0,0,0,0,0
Redfearn Froggatt,4,2,0.5,1,2,0,0,0,0,0,0,0,0,0,0,0,0,0,0,0,0,0
Edgar Kail,3,2,0.67,1,2,0,0,0,0,0,0,0,0,0,0,0,0,0,0,0,0,0
Alf Kirchen,3,2,0.67,1,2,0,0,0,0,0,0,0,0,0,0,0,0,0,0,0,0,0
George Stephenson,3,2,0.67,1,2,0,0,0,0,0,0,0,0,0,0,0,0,0,0,0,0,0
Johnny Hancocks,3,2,0.67,1,2,0,0,0,0,0,0,0,0,0,0,0,0,0,0,0,0,0
Norman Bullock,3,2,0.67,1.5,1,0,0,0,0,1,0,0,0,0,0,0,0,0,0,0,0,0
Alf Common,3,2,0.67,2,0,0,0,0,0,2,0,0,0,0,0,0,0,0,0,0,0,0
Tadger Stewart,3,2,0.67,2,0,0,0,0,0,2,0,0,0,0,0,0,0,0,0,0,0,0
Bobby Barclay,3,2,0.67,2,0,0,0,0,0,2,0,0,0,0,0,0,0,0,0,0,0,0
Johnny Brooks,3,2,0.67,1.5,1,0,0,0,0,1,0,0,0,0,0,0,0,0,0,0,0,0
Ray Pointer,3,2,0.67,2,0,2,0,0,0,0,0,0,0,0,0,0,0,0,0,0,0,0
Warren Bradley,3,2,0.67,1,2,0,0,0,0,0,0,0,0,0,0,0,0,0,0,0,0,0
Tom Grosvenor,3,2,0.67,1.5,1,0,0,0,0,1,0,0,0,0,0,0,0,0,0,0,0,0
Bill Perry,3,2,0.67,1,2,0,0,0,0,0,0,0,0,0,0,0,0,0,0,0,0,0
Jack Bowers,3,2,0.67,2,0,0,0,0,0,2,0,0,0,0,0,0,0,0,0,0,0,0
Sammy Day,3,2,0.67,2,0,0,0,0,0,2,0,0,0,0,0,0,0,0,0,0,0,0
Alexander Bonsor,2,2,1,1,2,0,0,0,0,0,0,0,0,0,0,0,0,0,0,0,0,0
Edward Johnson,2,2,1,2,0,0,0,0,0,2,0,0,0,0,0,0,0,0,0,0,0,0
Olly Whateley,2,2,1,1,2,0,0,0,0,0,0,0,0,0,0,0,0,0,0,0,0,0
William Bromley-Davenport,2,2,1,2,0,0,0,0,0,2,0,0,0,0,0,0,0,0,0,0,0,0
Kenny Davenport,2,2,1,2,0,0,0,0,0,2,0,0,0,0,0,0,0,0,0,0,0,0
William Townley,2,2,1,2,0,0,0,0,0,2,0,0,0,0,0,0,0,0,0,0,0,0
Edmund Currey,2,2,1,2,0,0,0,0,0,2,0,0,0,0,0,0,0,0,0,0,0,0
Frank Becton,2,2,1,2,0,0,0,0,0,2,0,0,0,0,0,0,0,0,0,0,0,0
Jack Cock,2,2,1,1.5,1,0,0,0,0,1,0,0,0,0,0,0,0,0,0,0,0,0
Reg Smith,2,2,1,1,2,0,0,0,0,0,0,0,0,0,0,0,0,0,0,0,0,0
Fred Worrall,2,2,1,1.5,1,0,0,0,0,1,0,0,0,0,0,0,0,0,0,0,0,0
Tommy Roberts,2,2,1,1.5,1,0,0,0,0,1,0,0,0,0,0,0,0,0,0,0,0,0
Frank Wignall,2,2,1,2,0,0,0,0,0,2,0,0,0,0,0,0,0,0,0,0,0,0
Albert Shepherd,2,2,1,2,0,0,0,0,0,2,0,0,0,0,0,0,0,0,0,0,0,0
Jimmy Richardson,2,2,1,1,2,0,0,0,0,0,0,0,0,0,0,0,0,0,0,0,0,0
William Kenyon-Slaney,1,2,2,1,2,0,0,0,0,0,0,0,0,0,0,0,0,0,0,0,0,0
Joe Payne,1,2,2,1,2,0,0,0,0,0,0,0,0,0,0,0,0,0,0,0,0,0
Billy Moore,1,2,2,1,2,0,0,0,0,0,0,0,0,0,0,0,0,0,0,0,0,0
Jack Haines,1,2,2,1,2,0,0,0,0,0,0,0,0,0,0,0,0,0,0,0,0,0
Harold Halse,1,2,2,1,2,0,0,0,0,0,0,0,0,0,0,0,0,0,0,0,0,0
Kyle Walker,93,1,0.01,1,0,0,0,1,0,0,0,0,0,0,0,0,0,0,0,0,0,0
Kenny Sansom,86,1,0.01,1,0,1,0,0,0,0,0,0,0,0,0,0,0,0,0,0,0,0
Sol Campbell,73,1,0.01,2,0,0,1,0,0,0,0,0,0,0,0,0,0,0,0,0,0,0
Emlyn Hughes,62,1,0.02,1,0,0,0,0,0,1,0,0,0,0,0,0,0,0,0,0,0,0
James Milner,61,1,0.02,1,0,1,0,0,0,0,0,0,0,0,0,0,0,0,0,0,0,0
Kieran Trippier,54,1,0.02,2,0,0,1,0,0,0,0,0,0,0,0,0,0,0,0,0,0,0
Glen Johnson,54,1,0.02,0.5,1,0,0,0,0,0,0,0,0,0,0,0,0,0,0,0,0,0
Mark Wright,45,1,0.02,2,0,0,1,0,0,0,0,0,0,0,0,0,0,0,0,0,0,0
Phil Thompson,42,1,0.02,1,0,0,0,0,0,0,0,0,1,0,0,0,0,0,0,0,0,0
Graeme Le Saux,36,1,0.03,1,0,0,0,0,0,0,0,0,0,0,0,1,0,0,0,0,0,0
Wayne Bridge,36,1,0.03,1,0,0,0,0,0,0,0,0,0,0,0,0,0,0,1,0,0,0
Alan Mullery,35,1,0.03,2,0,0,1,0,0,0,0,0,0,0,0,0,0,0,0,0,0,0
Kalvin Phillips,31,1,0.03,1,0,0,0,1,0,0,0,0,0,0,0,0,0,0,0,0,0,0
Chris Smalling,31,1,0.03,0.5,1,0,0,0,0,0,0,0,0,0,0,0,0,0,0,0,0,0
Leighton Baines,30,1,0.03,1,0,1,0,0,0,0,0,0,0,0,0,0,0,0,0,0,0,0
Nobby Stiles,28,1,0.04,0.5,1,0,0,0,0,0,0,0,0,0,0,0,0,0,0,0,0,0
Joleon Lescott,26,1,0.04,2,0,0,0,0,1,0,0,0,0,0,0,0,0,0,0,0,0,0
Wes Brown,23,1,0.04,0.5,1,0,0,0,0,0,0,0,0,0,0,0,0,0,0,0,0,0
Lee Dixon,22,1,0.05,1,0,0,0,1,0,0,0,0,0,0,0,0,0,0,0,0,0,0
Ben Chilwell,21,1,0.05,1,0,1,0,0,0,0,0,0,0,0,0,0,0,0,0,0,0,0
Conor Gallagher,21,1,0.05,1,0,0,0,0,0,0,0,0,0,0,0,0,0,0,0,0,0,1
Dennis Wise,21,1,0.05,1,0,0,0,1,0,0,0,0,0,0,0,0,0,0,0,0,0,0
Jermaine Jenas,21,1,0.05,0.5,1,0,0,0,0,0,0,0,0,0,0,0,0,0,0,0,0,0
Alan Smith,19,1,0.05,0.5,1,0,0,0,0,0,0,0,0,0,0,0,0,0,0,0,0,0
Ryan Bertrand,19,1,0.05,1,0,1,0,0,0,0,0,0,0,0,0,0,0,0,0,0,0,0
Carlton Palmer,18,1,0.06,1,0,1,0,0,0,0,0,0,0,0,0,0,0,0,0,0,0,0
Jamie Redknapp,17,1,0.06,0.5,1,0,0,0,0,0,0,0,0,0,0,0,0,0,0,0,0,0
Gary Mabbutt,16,1,0.06,1,0,0,0,1,0,0,0,0,0,0,0,0,0,0,0,0,0,0
Andrew Cole,15,1,0.07,1,0,1,0,0,0,0,0,0,0,0,0,0,0,0,0,0,0,0
Jarrod Bowen,14,1,0.07,1,0,0,0,0,0,0,0,0,0,0,0,0,0,0,0,0,0,1
Micah Richards,13,1,0.08,1,0,0,0,1,0,0,0,0,0,0,0,0,0,0,0,0,0,0
Michael Keane,12,1,0.08,1,0,0,0,1,0,0,0,0,0,0,0,0,0,0,0,0,0,0
Ken Willingham,12,1,0.08,0.5,1,0,0,0,0,0,0,0,0,0,0,0,0,0,0,0,0,0
Bob Langton,11,1,0.09,1,0,0,0,0,0,1,0,0,0,0,0,0,0,0,0,0,0,0
Peter Withe,11,1,0.09,1,0,0,0,1,0,0,0,0,0,0,0,0,0,0,0,0,0,0
Harry Winks,10,1,0.1,1,0,0,0,1,0,0,0,0,0,0,0,0,0,0,0,0,0,0
Conor Coady,10,1,0.1,0.5,1,0,0,0,0,0,0,0,0,0,0,0,0,0,0,0,0,0
Tommy Crawshaw,10,1,0.1,1,0,0,0,0,0,1,0,0,0,0,0,0,0,0,0,0,0,0
Anthony Gordon,9,1,0.11,1,0,0,0,0,0,0,0,0,0,0,0,0,0,0,0,0,0,1
Danny Murphy,9,1,0.11,0.5,1,0,0,0,0,0,0,0,0,0,0,0,0,0,0,0,0,0
Frank Forman,9,1,0.11,1,0,0,0,0,0,1,0,0,0,0,0,0,0,0,0,0,0,0
Kevin Beattie,9,1,0.11,1,0,0,0,0,0,1,0,0,0,0,0,0,0,0,0,0,0,0
Rodney Marsh,9,1,0.11,1,0,0,0,0,0,1,0,0,0,0,0,0,0,0,0,0,0,0
Cliff Britton,9,1,0.11,0.5,1,0,0,0,0,0,0,0,0,0,0,0,0,0,0,0,0,0
Jack Crayston,8,1,0.12,0.5,1,0,0,0,0,0,0,0,0,0,0,0,0,0,0,0,0,0
Jock Simpson,8,1,0.12,1,0,0,0,0,0,1,0,0,0,0,0,0,0,0,0,0,0,0
Mike Summerbee,8,1,0.12,1,0,0,0,1,0,0,0,0,0,0,0,0,0,0,0,0,0,0
Mark Chamberlain,8,1,0.12,1,0,0,0,1,0,0,0,0,0,0,0,0,0,0,0,0,0,0
Ivan Toney,6,1,0.17,0.5,1,0,0,0,0,0,0,0,0,0,0,0,0,0,0,0,0,0
Dennis Hodgetts,6,1,0.17,1,0,0,0,0,0,1,0,0,0,0,0,0,0,0,0,0,0,0
Alf Shelton,6,1,0.17,1,0,0,0,0,0,1,0,0,0,0,0,0,0,0,0,0,0,0
Harry Johnson,6,1,0.17,1,0,0,0,0,0,1,0,0,0,0,0,0,0,0,0,0,0,0
Andy Ducat,6,1,0.17,1,0,0,0,0,0,1,0,0,0,0,0,0,0,0,0,0,0,0
Leslie Medley,6,1,0.17,0.5,1,0,0,0,0,0,0,0,0,0,0,0,0,0,0,0,0,0
Ray Bowden,6,1,0.17,1,0,0,0,0,0,1,0,0,0,0,0,0,0,0,0,0,0,0
Albert Wilkes,5,1,0.2,1,0,0,0,0,0,1,0,0,0,0,0,0,0,0,0,0,0,0
Alan A'Court,5,1,0.2,1,0,0,0,0,0,1,0,0,0,0,0,0,0,0,0,0,0,0
Joe Smith,5,1,0.2,1,0,0,0,0,0,1,0,0,0,0,0,0,0,0,0,0,0,0
Joe McCall,5,1,0.2,1,0,0,0,0,0,1,0,0,0,0,0,0,0,0,0,0,0,0
Stan Bowles,5,1,0.2,1,0,0,0,0,0,1,0,0,0,0,0,0,0,0,0,0,0,0
Len Shackleton,5,1,0.2,0.5,1,0,0,0,0,0,0,0,0,0,0,0,0,0,0,0,0,0
Hughie Adcock,5,1,0.2,1,0,0,0,0,0,1,0,0,0,0,0,0,0,0,0,0,0,0
Paul Walsh,5,1,0.2,0.5,1,0,0,0,0,0,0,0,0,0,0,0,0,0,0,0,0,0
Jimmy Seed,5,1,0.2,0.5,1,0,0,0,0,0,0,0,0,0,0,0,0,0,0,0,0,0
Ugo Ehiogu,4,1,0.25,0.5,1,0,0,0,0,0,0,0,0,0,0,0,0,0,0,0,0,0
Bobby Evans,4,1,0.25,1,0,0,0,0,0,1,0,0,0,0,0,0,0,0,0,0,0,0
Sid Bishop,4,1,0.25,0.5,1,0,0,0,0,0,0,0,0,0,0,0,0,0,0,0,0,0
Harold Hardman,4,1,0.25,1,0,0,0,0,0,1,0,0,0,0,0,0,0,0,0,0,0,0
Barry Bridges,4,1,0.25,0.5,1,0,0,0,0,0,0,0,0,0,0,0,0,0,0,0,0,0
Chris Lawler,4,1,0.25,1,0,0,0,1,0,0,0,0,0,0,0,0,0,0,0,0,0,0
Arthur Dorrell,4,1,0.25,0.5,1,0,0,0,0,0,0,0,0,0,0,0,0,0,0,0,0,0
Keith Weller,4,1,0.25,1,0,0,0,0,0,1,0,0,0,0,0,0,0,0,0,0,0,0
George Thornewell,4,1,0.25,0.5,1,0,0,0,0,0,0,0,0,0,0,0,0,0,0,0,0,0
Alf Quantrill,4,1,0.25,1,0,0,0,0,0,1,0,0,0,0,0,0,0,0,0,0,0,0
Danny Ings,3,1,0.33,0.5,1,0,0,0,0,0,0,0,0,0,0,0,0,0,0,0,0,0
Emile Smith Rowe,3,1,0.33,1,0,1,0,0,0,0,0,0,0,0,0,0,0,0,0,0,0,0
David Hirst,3,1,0.33,0.5,1,0,0,0,0,0,0,0,0,0,0,0,0,0,0,0,0,0
Charley Chenery,3,1,0.33,0.5,1,0,0,0,0,0,0,0,0,0,0,0,0,0,0,0,0,0
Henry Wace,3,1,0.33,0.5,1,0,0,0,0,0,0,0,0,0,0,0,0,0,0,0,0,0
Edward Parry,3,1,0.33,0.5,1,0,0,0,0,0,0,0,0,0,0,0,0,0,0,0,0,0
Arthur Bambridge,3,1,0.33,1,0,0,0,0,0,1,0,0,0,0,0,0,0,0,0,0,0,0
George Brann,3,1,0.33,1,0,0,0,0,0,1,0,0,0,0,0,0,0,0,0,0,0,0
John Brodie,3,1,0.33,1,0,0,0,0,0,1,0,0,0,0,0,0,0,0,0,0,0,0
Harry Wood,3,1,0.33,1,0,0,0,0,0,1,0,0,0,0,0,0,0,0,0,0,0,0
Joe Schofield,3,1,0.33,1,0,0,0,0,0,1,0,0,0,0,0,0,0,0,0,0,0,0
Fred Blackburn,3,1,0.33,1,0,0,0,0,0,1,0,0,0,0,0,0,0,0,0,0,0,0
Harry Davis,3,1,0.33,1,0,0,0,0,0,1,0,0,0,0,0,0,0,0,0,0,0,0
Gordon Hodgson,3,1,0.33,1,0,0,0,0,0,1,0,0,0,0,0,0,0,0,0,0,0,0
Alan Hinton,3,1,0.33,0.5,1,0,0,0,0,0,0,0,0,0,0,0,0,0,0,0,0,0
Bobby Tambling,3,1,0.33,1,0,0,0,1,0,0,0,0,0,0,0,0,0,0,0,0,0,0
Don Welsh,3,1,0.33,0.5,1,0,0,0,0,0,0,0,0,0,0,0,0,0,0,0,0,0
George Hunt,3,1,0.33,1,0,0,0,0,0,1,0,0,0,0,0,0,0,0,0,0,0,0
Curtis Jones,2,1,0.5,1,0,0,0,0,0,0,0,0,0,0,0,0,0,0,0,0,0,1
William Brindle,2,1,0.5,0.5,1,0,0,0,0,0,0,0,0,0,0,0,0,0,0,0,0,0
Frank Pawson,2,1,0.5,0.5,1,0,0,0,0,0,0,0,0,0,0,0,0,0,0,0,0,0
Billy Gunn,2,1,0.5,1,0,0,0,0,0,1,0,0,0,0,0,0,0,0,0,0,0,0
Andrew Amos,2,1,0.5,1,0,0,0,0,0,1,0,0,0,0,0,0,0,0,0,0,0,0
George Woodhall,2,1,0.5,1,0,0,0,0,0,1,0,0,0,0,0,0,0,0,0,0,0,0
Norman Winckworth,2,1,0.5,1,0,0,0,0,0,1,0,0,0,0,0,0,0,0,0,0,0,0
Jack Devey,2,1,0.5,1,0,0,0,0,0,1,0,0,0,0,0,0,0,0,0,0,0,0
Rab Howell,2,1,0.5,1,0,0,0,0,0,1,0,0,0,0,0,0,0,0,0,0,0,0
Charlie Sagar,2,1,0.5,1,0,0,0,0,0,1,0,0,0,0,0,0,0,0,0,0,0,0
Geoffrey Wilson,2,1,0.5,1,0,0,0,0,0,1,0,0,0,0,0,0,0,0,0,0,0,0
Jack Sharp,2,1,0.5,1,0,0,0,0,0,1,0,0,0,0,0,0,0,0,0,0,0,0
Ray Crawford,2,1,0.5,0.5,1,0,0,0,0,0,0,0,0,0,0,0,0,0,0,0,0,0
George Webb,2,1,0.5,1,0,0,0,0,0,1,0,0,0,0,0,0,0,0,0,0,0,0
Vince Matthews,2,1,0.5,0.5,1,0,0,0,0,0,0,0,0,0,0,0,0,0,0,0,0,0
George Davis,2,1,0.5,1,0,0,0,0,0,1,0,0,0,0,0,0,0,0,0,0,0,0
Eddie Latheron,2,1,0.5,1,0,0,0,0,0,1,0,0,0,0,0,0,0,0,0,0,0,0
Harry Bedford,2,1,0.5,1,0,0,0,0,0,1,0,0,0,0,0,0,0,0,0,0,0,0
Dennis Viollet,2,1,0.5,1,0,1,0,0,0,0,0,0,0,0,0,0,0,0,0,0,0,0
Gordon Astall,2,1,0.5,0.5,1,0,0,0,0,0,0,0,0,0,0,0,0,0,0,0,0,0
Harry Storer,2,1,0.5,0.5,1,0,0,0,0,0,0,0,0,0,0,0,0,0,0,0,0,0
Johnny Nicholls,2,1,0.5,1,0,1,0,0,0,0,0,0,0,0,0,0,0,0,0,0,0,0
Jimmy Melia,2,1,0.5,0.5,1,0,0,0,0,0,0,0,0,0,0,0,0,0,0,0,0,0
Brian Kidd,2,1,0.5,0.5,1,0,0,0,0,0,0,0,0,0,0,0,0,0,0,0,0,0
Ray Parry,2,1,0.5,1,0,0,0,0,0,1,0,0,0,0,0,0,0,0,0,0,0,0
Joe Spence,2,1,0.5,1,0,0,0,0,0,1,0,0,0,0,0,0,0,0,0,0,0,0
Harold Hobbis,2,1,0.5,0.5,1,0,0,0,0,0,0,0,0,0,0,0,0,0,0,0,0,0
Tom Galley,2,1,0.5,0.5,1,0,0,0,0,0,0,0,0,0,0,0,0,0,0,0,0,0
Fred Morris,2,1,0.5,1,0,0,0,0,0,1,0,0,0,0,0,0,0,0,0,0,0,0
David Mercer,2,1,0.5,0.5,1,0,0,0,0,0,0,0,0,0,0,0,0,0,0,0,0,0
Taylor Harwood-Bellis,1,1,1,1,0,0,0,0,0,0,0,0,0,0,0,0,0,0,0,0,0,1
Francis Jeffers,1,1,1,0.5,1,0,0,0,0,0,0,0,0,0,0,0,0,0,0,0,0,0
David Nugent,1,1,1,1,0,0,0,1,0,0,0,0,0,0,0,0,0,0,0,0,0,0
Steven Caulker,1,1,1,0.5,1,0,0,0,0,0,0,0,0,0,0,0,0,0,0,0,0,0
Robert Kingsford,1,1,1,0.5,1,0,0,0,0,0,0,0,0,0,0,0,0,0,0,0,0,0
Charles Alcock,1,1,1,0.5,1,0,0,0,0,0,0,0,0,0,0,0,0,0,0,0,0,0
Alf Lyttelton,1,1,1,0.5,1,0,0,0,0,0,0,0,0,0,0,0,0,0,0,0,0,0
Thomas Sorby,1,1,1,0.5,1,0,0,0,0,0,0,0,0,0,0,0,0,0,0,0,0,0
Herbert Whitfield,1,1,1,0.5,1,0,0,0,0,0,0,0,0,0,0,0,0,0,0,0,0,0
Arthur Goodyer,1,1,1,0.5,1,0,0,0,0,0,0,0,0,0,0,0,0,0,0,0,0,0
Jack Barton,1,1,1,1,0,0,0,0,0,1,0,0,0,0,0,0,0,0,0,0,0,0
Steve Smith,1,1,1,1,0,0,0,0,0,1,0,0,0,0,0,0,0,0,0,0,0,0
Tommy Morren,1,1,1,1,0,0,0,0,0,1,0,0,0,0,0,0,0,0,0,0,0,0
Danny Wallace,1,1,1,0.5,1,0,0,0,0,0,0,0,0,0,0,0,0,0,0,0,0,0
Tony Kay,1,1,1,0.5,1,0,0,0,0,0,0,0,0,0,0,0,0,0,0,0,0,0
Bill Brown,1,1,1,0.5,1,0,0,0,0,0,0,0,0,0,0,0,0,0,0,0,0,0
Bill Nicholson,1,1,1,0.5,1,0,0,0,0,0,0,0,0,0,0,0,0,0,0,0,0,0
Ronnie Dix,1,1,1,0.5,1,0,0,0,0,0,0,0,0,0,0,0,0,0,0,0,0,0
Geoff Bradford,1,1,1,0.5,1,0,0,0,0,0,0,0,0,0,0,0,0,0,0,0,0,0
Jack Lee,1,1,1,1,0,0,0,0,0,1,0,0,0,0,0,0,0,0,0,0,0,0
Pat Beasley,1,1,1,1,0,0,0,0,0,1,0,0,0,0,0,0,0,0,0,0,0,0
Harold Miller,1,1,1,0.5,1,0,0,0,0,0,0,0,0,0,0,0,0,0,0,0,0,0
Jackie Morton,1,1,1,0.5,1,0,0,0,0,0,0,0,0,0,0,0,0,0,0,0,0,0
Jimmy Moore,1,1,1,0.5,1,0,0,0,0,0,0,0,0,0,0,0,0,0,0,0,0,0
Norman Creek,1,1,1,0.5,1,0,0,0,0,0,0,0,0,0,0,0,0,0,0,0,0,0
Paul Goddard,1,1,1,0.5,1,0,0,0,0,0,0,0,0,0,0,0,0,0,0,0,0,0
Billy Kirton,1,1,1,1,0,0,0,0,0,1,0,0,0,0,0,0,0,0,0,0,0,0
Harry Roberts,1,1,1,0.5,1,0,0,0,0,0,0,0,0,0,0,0,0,0,0,0,0,0
Peter Shilton,125,0,0,0,0,0,0,0,0,0,0,0,0,0,0,0,0,0,0,0,0,0
Ashley Cole,107,0,0,0,0,0,0,0,0,0,0,0,0,0,0,0,0,0,0,0,0,0
Gary Neville,85,0,0,0,0,0,0,0,0,0,0,0,0,0,0,0,0,0,0,0,0,0
David Seaman,75,0,0,0,0,0,0,0,0,0,0,0,0,0,0,0,0,0,0,0,0,0
Joe Hart,75,0,0,0,0,0,0,0,0,0,0,0,0,0,0,0,0,0,0,0,0,0
Jordan Pickford,73,0,0,0,0,0,0,0,0,0,0,0,0,0,0,0,0,0,0,0,0,0
Gordon Banks,73,0,0,0,0,0,0,0,0,0,0,0,0,0,0,0,0,0,0,0,0,0
Ray Wilson,63,0,0,0,0,0,0,0,0,0,0,0,0,0,0,0,0,0,0,0,0,0
Ray Clemence,61,0,0,0,0,0,0,0,0,0,0,0,0,0,0,0,0,0,0,0,0,0
Des Walker,59,0,0,0,0,0,0,0,0,0,0,0,0,0,0,0,0,0,0,0,0,0
Phil Neville,59,0,0,0,0,0,0,0,0,0,0,0,0,0,0,0,0,0,0,0,0,0
David James,53,0,0,0,0,0,0,0,0,0,0,0,0,0,0,0,0,0,0,0,0,0
Jimmy Dickinson,48,0,0,0,0,0,0,0,0,0,0,0,0,0,0,0,0,0,0,0,0,0
Gary Stevens,46,0,0,0,0,0,0,0,0,0,0,0,0,0,0,0,0,0,0,0,0,0
Chris Woods,43,0,0,0,0,0,0,0,0,0,0,0,0,0,0,0,0,0,0,0,0,0
Jimmy Armfield,43,0,0,0,0,0,0,0,0,0,0,0,0,0,0,0,0,0,0,0,0,0
David Batty,42,0,0,0,0,0,0,0,0,0,0,0,0,0,0,0,0,0,0,0,0,0
Owen Hargreaves,42,0,0,0,0,0,0,0,0,0,0,0,0,0,0,0,0,0,0,0,0,0
Mick Mills,42,0,0,0,0,0,0,0,0,0,0,0,0,0,0,0,0,0,0,0,0,0
Paul Robinson,41,0,0,0,0,0,0,0,0,0,0,0,0,0,0,0,0,0,0,0,0,0
Bob Crompton,41,0,0,0,0,0,0,0,0,0,0,0,0,0,0,0,0,0,0,0,0,0
Nicky Butt,39,0,0,0,0,0,0,0,0,0,0,0,0,0,0,0,0,0,0,0,0,0
Jamie Carragher,38,0,0,0,0,0,0,0,0,0,0,0,0,0,0,0,0,0,0,0,0,0
George Cohen,37,0,0,0,0,0,0,0,0,0,0,0,0,0,0,0,0,0,0,0,0,0
Stewart Downing,35,0,0,0,0,0,0,0,0,0,0,0,0,0,0,0,0,0,0,0,0,0
Ronnie Clayton,35,0,0,0,0,0,0,0,0,0,0,0,0,0,0,0,0,0,0,0,0,0
Michael Carrick,34,0,0,0,0,0,0,0,0,0,0,0,0,0,0,0,0,0,0,0,0,0
Kieron Dyer,33,0,0,0,0,0,0,0,0,0,0,0,0,0,0,0,0,0,0,0,0,0
Roger Byrne,33,0,0,0,0,0,0,0,0,0,0,0,0,0,0,0,0,0,0,0,0,0
Ron Springett,33,0,0,0,0,0,0,0,0,0,0,0,0,0,0,0,0,0,0,0,0,0
Eddie Hapgood,30,0,0,0,0,0,0,0,0,0,0,0,0,0,0,0,0,0,0,0,0,0
Danny Rose,29,0,0,0,0,0,0,0,0,0,0,0,0,0,0,0,0,0,0,0,0,0
Roy McFarland,28,0,0,0,0,0,0,0,0,0,0,0,0,0,0,0,0,0,0,0,0,0
Phil Jones,27,0,0,0,0,0,0,0,0,0,0,0,0,0,0,0,0,0,0,0,0,0
Colin Todd,27,0,0,0,0,0,0,0,0,0,0,0,0,0,0,0,0,0,0,0,0,0
Trevor Cherry,27,0,0,0,0,0,0,0,0,0,0,0,0,0,0,0,0,0,0,0,0,0
Keith Newton,27,0,0,0,0,0,0,0,0,0,0,0,0,0,0,0,0,0,0,0,0,0
Neil Franklin,27,0,0,0,0,0,0,0,0,0,0,0,0,0,0,0,0,0,0,0,0,0
Brian Labone,26,0,0,0,0,0,0,0,0,0,0,0,0,0,0,0,0,0,0,0,0,0
Ernie Blenkinsop,26,0,0,0,0,0,0,0,0,0,0,0,0,0,0,0,0,0,0,0,0,0
Jesse Pennington,25,0,0,0,0,0,0,0,0,0,0,0,0,0,0,0,0,0,0,0,0,0
Harry Hibbs,25,0,0,0,0,0,0,0,0,0,0,0,0,0,0,0,0,0,0,0,0,0
Roy Goodall,25,0,0,0,0,0,0,0,0,0,0,0,0,0,0,0,0,0,0,0,0,0
Steve Hodge,24,0,0,0,0,0,0,0,0,0,0,0,0,0,0,0,0,0,0,0,0,0
Paul Madeley,24,0,0,0,0,0,0,0,0,0,0,0,0,0,0,0,0,0,0,0,0,0
Bert Williams,24,0,0,0,0,0,0,0,0,0,0,0,0,0,0,0,0,0,0,0,0,0
Nigel Martyn,23,0,0,0,0,0,0,0,0,0,0,0,0,0,0,0,0,0,0,0,0,0
Gil Merrick,23,0,0,0,0,0,0,0,0,0,0,0,0,0,0,0,0,0,0,0,0,0
Maurice Norman,23,0,0,0,0,0,0,0,0,0,0,0,0,0,0,0,0,0,0,0,0,0
Don Howe,23,0,0,0,0,0,0,0,0,0,0,0,0,0,0,0,0,0,0,0,0,0
Marc Guéhi,22,0,0,0,0,0,0,0,0,0,0,0,0,0,0,0,0,0,0,0,0,0
Gary Pallister,22,0,0,0,0,0,0,0,0,0,0,0,0,0,0,0,0,0,0,0,0,0
Aaron Lennon,21,0,0,0,0,0,0,0,0,0,0,0,0,0,0,0,0,0,0,0,0,0
Sam Hardy,21,0,0,0,0,0,0,0,0,0,0,0,0,0,0,0,0,0,0,0,0,0
Fabian Delph,20,0,0,0,0,0,0,0,0,0,0,0,0,0,0,0,0,0,0,0,0,0
Terry Fenwick,20,0,0,0,0,0,0,0,0,0,0,0,0,0,0,0,0,0,0,0,0,0
Terry Cooper,20,0,0,0,0,0,0,0,0,0,0,0,0,0,0,0,0,0,0,0,0,0
Alf Strange,20,0,0,0,0,0,0,0,0,0,0,0,0,0,0,0,0,0,0,0,0,0
Wilf Copping,20,0,0,0,0,0,0,0,0,0,0,0,0,0,0,0,0,0,0,0,0,0
Paul Parker,19,0,0,0,0,0,0,0,0,0,0,0,0,0,0,0,0,0,0,0,0,0
Danny Mills,19,0,0,0,0,0,0,0,0,0,0,0,0,0,0,0,0,0,0,0,0,0
Peter Storey,19,0,0,0,0,0,0,0,0,0,0,0,0,0,0,0,0,0,0,0,0,0
Peter Swan,19,0,0,0,0,0,0,0,0,0,0,0,0,0,0,0,0,0,0,0,0,0
George Male,19,0,0,0,0,0,0,0,0,0,0,0,0,0,0,0,0,0,0,0,0,0
Vic Woodley,19,0,0,0,0,0,0,0,0,0,0,0,0,0,0,0,0,0,0,0,0,0
Frank Swift,19,0,0,0,0,0,0,0,0,0,0,0,0,0,0,0,0,0,0,0,0,0
Scott Parker,18,0,0,0,0,0,0,0,0,0,0,0,0,0,0,0,0,0,0,0,0,0
Brian Greenhoff,18,0,0,0,0,0,0,0,0,0,0,0,0,0,0,0,0,0,0,0,0,0
Steve McMahon,17,0,0,0,0,0,0,0,0,0,0,0,0,0,0,0,0,0,0,0,0,0
Graham Rix,17,0,0,0,0,0,0,0,0,0,0,0,0,0,0,0,0,0,0,0,0,0
Alvin Martin,17,0,0,0,0,0,0,0,0,0,0,0,0,0,0,0,0,0,0,0,0,0
Bill Eckersley,17,0,0,0,0,0,0,0,0,0,0,0,0,0,0,0,0,0,0,0,0,0
Jeff Hall,17,0,0,0,0,0,0,0,0,0,0,0,0,0,0,0,0,0,0,0,0,0
Jack Aston,17,0,0,0,0,0,0,0,0,0,0,0,0,0,0,0,0,0,0,0,0,0
Laurie Scott,17,0,0,0,0,0,0,0,0,0,0,0,0,0,0,0,0,0,0,0,0,0
Reece James,16,0,0,0,0,0,0,0,0,0,0,0,0,0,0,0,0,0,0,0,0,0
William Oakley,16,0,0,0,0,0,0,0,0,0,0,0,0,0,0,0,0,0,0,0,0,0
Peter Thompson,16,0,0,0,0,0,0,0,0,0,0,0,0,0,0,0,0,0,0,0,0,0
Willis Edwards,16,0,0,0,0,0,0,0,0,0,0,0,0,0,0,0,0,0,0,0,0,0
Joe Gomez,15,0,0,0,0,0,0,0,0,0,0,0,0,0,0,0,0,0,0,0,0,0
Tony Dorigo,15,0,0,0,0,0,0,0,0,0,0,0,0,0,0,0,0,0,0,0,0,0
Tom Cooper,15,0,0,0,0,0,0,0,0,0,0,0,0,0,0,0,0,0,0,0,0,0
Nathaniel Clyne,14,0,0,0,0,0,0,0,0,0,0,0,0,0,0,0,0,0,0,0,0,0
David Rocastle,14,0,0,0,0,0,0,0,0,0,0,0,0,0,0,0,0,0,0,0,0,0
Nigel Clough,14,0,0,0,0,0,0,0,0,0,0,0,0,0,0,0,0,0,0,0,0,0
Jimmy Crabtree,14,0,0,0,0,0,0,0,0,0,0,0,0,0,0,0,0,0,0,0,0,0
Gordon Milne,14,0,0,0,0,0,0,0,0,0,0,0,0,0,0,0,0,0,0,0,0,0
Eddie Hopkinson,14,0,0,0,0,0,0,0,0,0,0,0,0,0,0,0,0,0,0,0,0,0
Tom Cleverley,13,0,0,0,0,0,0,0,0,0,0,0,0,0,0,0,0,0,0,0,0,0
Percy Melmoth Walters,13,0,0,0,0,0,0,0,0,0,0,0,0,0,0,0,0,0,0,0,0,0
Peter Reid,13,0,0,0,0,0,0,0,0,0,0,0,0,0,0,0,0,0,0,0,0,0
Henry Cockburn,13,0,0,0,0,0,0,0,0,0,0,0,0,0,0,0,0,0,0,0,0,0
George Hardwick,13,0,0,0,0,0,0,0,0,0,0,0,0,0,0,0,0,0,0,0,0,0
Andy Sinton,12,0,0,0,0,0,0,0,0,0,0,0,0,0,0,0,0,0,0,0,0,0
Trevor Sinclair,12,0,0,0,0,0,0,0,0,0,0,0,0,0,0,0,0,0,0,0,0,0
Rob Green,12,0,0,0,0,0,0,0,0,0,0,0,0,0,0,0,0,0,0,0,0,0
Dave Watson,12,0,0,0,0,0,0,0,0,0,0,0,0,0,0,0,0,0,0,0,0,0
George Wilson,12,0,0,0,0,0,0,0,0,0,0,0,0,0,0,0,0,0,0,0,0,0
Bill Slater,12,0,0,0,0,0,0,0,0,0,0,0,0,0,0,0,0,0,0,0,0,0
Stan Cullis,12,0,0,0,0,0,0,0,0,0,0,0,0,0,0,0,0,0,0,0,0,0
Tim Flowers,11,0,0,0,0,0,0,0,0,0,0,0,0,0,0,0,0,0,0,0,0,0
Jimmy Forrest,11,0,0,0,0,0,0,0,0,0,0,0,0,0,0,0,0,0,0,0,0,0
Jack Robinson,11,0,0,0,0,0,0,0,0,0,0,0,0,0,0,0,0,0,0,0,0,0
Russell Osman,11,0,0,0,0,0,0,0,0,0,0,0,0,0,0,0,0,0,0,0,0,0
Jack Hill,11,0,0,0,0,0,0,0,0,0,0,0,0,0,0,0,0,0,0,0,0,0
Tommy Wright,11,0,0,0,0,0,0,0,0,0,0,0,0,0,0,0,0,0,0,0,0,0
Bert Sproston,11,0,0,0,0,0,0,0,0,0,0,0,0,0,0,0,0,0,0,0,0,0
Jack Barker,11,0,0,0,0,0,0,0,0,0,0,0,0,0,0,0,0,0,0,0,0,0
Ruben Loftus-Cheek,10,0,0,0,0,0,0,0,0,0,0,0,0,0,0,0,0,0,0,0,0,0
Nick Pope,10,0,0,0,0,0,0,0,0,0,0,0,0,0,0,0,0,0,0,0,0,0
Kobbie Mainoo,10,0,0,0,0,0,0,0,0,0,0,0,0,0,0,0,0,0,0,0,0,0
Ray Parlour,10,0,0,0,0,0,0,0,0,0,0,0,0,0,0,0,0,0,0,0,0,0
Kieran Gibbs,10,0,0,0,0,0,0,0,0,0,0,0,0,0,0,0,0,0,0,0,0,0
Johnny Holt,10,0,0,0,0,0,0,0,0,0,0,0,0,0,0,0,0,0,0,0,0,0
Mike Duxbury,10,0,0,0,0,0,0,0,0,0,0,0,0,0,0,0,0,0,0,0,0,0
Harry Johnston,10,0,0,0,0,0,0,0,0,0,0,0,0,0,0,0,0,0,0,0,0,0
Eberechi Eze,9,0,0,0,0,0,0,0,0,0,0,0,0,0,0,0,0,0,0,0,0,0
Ezri Konsa,9,0,0,0,0,0,0,0,0,0,0,0,0,0,0,0,0,0,0,0,0,0
Geoff Thomas,9,0,0,0,0,0,0,0,0,0,0,0,0,0,0,0,0,0,0,0,0,0
Jack Butland,9,0,0,0,0,0,0,0,0,0,0,0,0,0,0,0,0,0,0,0,0,0
Arthur Melmoth Walters,9,0,0,0,0,0,0,0,0,0,0,0,0,0,0,0,0,0,0,0,0,0
Joe Corrigan,9,0,0,0,0,0,0,0,0,0,0,0,0,0,0,0,0,0,0,0,0,0
Fred Kean,9,0,0,0,0,0,0,0,0,0,0,0,0,0,0,0,0,0,0,0,0,0
Sam Wadsworth,9,0,0,0,0,0,0,0,0,0,0,0,0,0,0,0,0,0,0,0,0,0
Mick McNeil,9,0,0,0,0,0,0,0,0,0,0,0,0,0,0,0,0,0,0,0,0,0
Alf Young,9,0,0,0,0,0,0,0,0,0,0,0,0,0,0,0,0,0,0,0,0,0
Lee Sharpe,8,0,0,0,0,0,0,0,0,0,0,0,0,0,0,0,0,0,0,0,0,0
Rob Jones,8,0,0,0,0,0,0,0,0,0,0,0,0,0,0,0,0,0,0,0,0,0
Matt Le Tissier,8,0,0,0,0,0,0,0,0,0,0,0,0,0,0,0,0,0,0,0,0,0
Kevin Phillips,8,0,0,0,0,0,0,0,0,0,0,0,0,0,0,0,0,0,0,0,0,0
Jonathan Woodgate,8,0,0,0,0,0,0,0,0,0,0,0,0,0,0,0,0,0,0,0,0,0
Andy Johnson,8,0,0,0,0,0,0,0,0,0,0,0,0,0,0,0,0,0,0,0,0,0
Ben Foster,8,0,0,0,0,0,0,0,0,0,0,0,0,0,0,0,0,0,0,0,0,0
Alan Devonshire,8,0,0,0,0,0,0,0,0,0,0,0,0,0,0,0,0,0,0,0,0,0
Dave Thomas,8,0,0,0,0,0,0,0,0,0,0,0,0,0,0,0,0,0,0,0,0,0
Sam Chedgzoy,8,0,0,0,0,0,0,0,0,0,0,0,0,0,0,0,0,0,0,0,0,0
Ted Taylor,8,0,0,0,0,0,0,0,0,0,0,0,0,0,0,0,0,0,0,0,0,0
Aussie Campbell,8,0,0,0,0,0,0,0,0,0,0,0,0,0,0,0,0,0,0,0,0,0
Ron Staniforth,8,0,0,0,0,0,0,0,0,0,0,0,0,0,0,0,0,0,0,0,0,0
Bobby Thomson,8,0,0,0,0,0,0,0,0,0,0,0,0,0,0,0,0,0,0,0,0,0
Colin McDonald,8,0,0,0,0,0,0,0,0,0,0,0,0,0,0,0,0,0,0,0,0,0
Ernie Hart,8,0,0,0,0,0,0,0,0,0,0,0,0,0,0,0,0,0,0,0,0,0
George Green,8,0,0,0,0,0,0,0,0,0,0,0,0,0,0,0,0,0,0,0,0,0
James Maddison,7,0,0,0,0,0,0,0,0,0,0,0,0,0,0,0,0,0,0,0,0,0
Tony Daley,7,0,0,0,0,0,0,0,0,0,0,0,0,0,0,0,0,0,0,0,0,0
Andy Hinchcliffe,7,0,0,0,0,0,0,0,0,0,0,0,0,0,0,0,0,0,0,0,0,0
Luke Young,7,0,0,0,0,0,0,0,0,0,0,0,0,0,0,0,0,0,0,0,0,0
David Bentley,7,0,0,0,0,0,0,0,0,0,0,0,0,0,0,0,0,0,0,0,0,0
Carlton Cole,7,0,0,0,0,0,0,0,0,0,0,0,0,0,0,0,0,0,0,0,0,0
Jake Livermore,7,0,0,0,0,0,0,0,0,0,0,0,0,0,0,0,0,0,0,0,0,0
Jack Hunter,7,0,0,0,0,0,0,0,0,0,0,0,0,0,0,0,0,0,0,0,0,0
Herby Arthur,7,0,0,0,0,0,0,0,0,0,0,0,0,0,0,0,0,0,0,0,0,0
Billy Moon,7,0,0,0,0,0,0,0,0,0,0,0,0,0,0,0,0,0,0,0,0,0
Bob Holmes,7,0,0,0,0,0,0,0,0,0,0,0,0,0,0,0,0,0,0,0,0,0
Tony Cottee,7,0,0,0,0,0,0,0,0,0,0,0,0,0,0,0,0,0,0,0,0,0
Tim Williamson,7,0,0,0,0,0,0,0,0,0,0,0,0,0,0,0,0,0,0,0,0,0
Gary Stevens,7,0,0,0,0,0,0,0,0,0,0,0,0,0,0,0,0,0,0,0,0,0
Warney Cresswell,7,0,0,0,0,0,0,0,0,0,0,0,0,0,0,0,0,0,0,0,0,0
Percy Barton,7,0,0,0,0,0,0,0,0,0,0,0,0,0,0,0,0,0,0,0,0,0
Steve Whitworth,7,0,0,0,0,0,0,0,0,0,0,0,0,0,0,0,0,0,0,0,0,0
Evelyn Lintott,7,0,0,0,0,0,0,0,0,0,0,0,0,0,0,0,0,0,0,0,0,0
Fred Tunstall,7,0,0,0,0,0,0,0,0,0,0,0,0,0,0,0,0,0,0,0,0,0
Peter Bonetti,7,0,0,0,0,0,0,0,0,0,0,0,0,0,0,0,0,0,0,0,0,0
Lewis Dunk,6,0,0,0,0,0,0,0,0,0,0,0,0,0,0,0,0,0,0,0,0,0
Jonjo Shelvey,6,0,0,0,0,0,0,0,0,0,0,0,0,0,0,0,0,0,0,0,0,0
Fraser Forster,6,0,0,0,0,0,0,0,0,0,0,0,0,0,0,0,0,0,0,0,0,0
Harry Swepstone,6,0,0,0,0,0,0,0,0,0,0,0,0,0,0,0,0,0,0,0,0,0
Billy Williams,6,0,0,0,0,0,0,0,0,0,0,0,0,0,0,0,0,0,0,0,0,0
Howard Spencer,6,0,0,0,0,0,0,0,0,0,0,0,0,0,0,0,0,0,0,0,0,0
Steve Williams,6,0,0,0,0,0,0,0,0,0,0,0,0,0,0,0,0,0,0,0,0,0
Tony Morley,6,0,0,0,0,0,0,0,0,0,0,0,0,0,0,0,0,0,0,0,0,0
John Gregory,6,0,0,0,0,0,0,0,0,0,0,0,0,0,0,0,0,0,0,0,0,0
Brian Talbot,6,0,0,0,0,0,0,0,0,0,0,0,0,0,0,0,0,0,0,0,0,0
Graham Roberts,6,0,0,0,0,0,0,0,0,0,0,0,0,0,0,0,0,0,0,0,0,0
Gordon Hill,6,0,0,0,0,0,0,0,0,0,0,0,0,0,0,0,0,0,0,0,0,0
Laurie Cunningham,6,0,0,0,0,0,0,0,0,0,0,0,0,0,0,0,0,0,0,0,0,0
Arthur Grimsdell,6,0,0,0,0,0,0,0,0,0,0,0,0,0,0,0,0,0,0,0,0,0
Jimmy Seddon,6,0,0,0,0,0,0,0,0,0,0,0,0,0,0,0,0,0,0,0,0,0
Ted Hufton,6,0,0,0,0,0,0,0,0,0,0,0,0,0,0,0,0,0,0,0,0,0
Colin Veitch,6,0,0,0,0,0,0,0,0,0,0,0,0,0,0,0,0,0,0,0,0,0
Tommy Banks,6,0,0,0,0,0,0,0,0,0,0,0,0,0,0,0,0,0,0,0,0,0
Lionel Smith,6,0,0,0,0,0,0,0,0,0,0,0,0,0,0,0,0,0,0,0,0,0
Ray Westwood,6,0,0,0,0,0,0,0,0,0,0,0,0,0,0,0,0,0,0,0,0,0
Jack Brown,6,0,0,0,0,0,0,0,0,0,0,0,0,0,0,0,0,0,0,0,0,0
Taffy Jones,6,0,0,0,0,0,0,0,0,0,0,0,0,0,0,0,0,0,0,0,0,0
Jimmy Ruffell,6,0,0,0,0,0,0,0,0,0,0,0,0,0,0,0,0,0,0,0,0,0
Jackie Bray,6,0,0,0,0,0,0,0,0,0,0,0,0,0,0,0,0,0,0,0,0,0
Ted Ditchburn,6,0,0,0,0,0,0,0,0,0,0,0,0,0,0,0,0,0,0,0,0,0
Fikayo Tomori,5,0,0,0,0,0,0,0,0,0,0,0,0,0,0,0,0,0,0,0,0,0
Ainsley Maitland-Niles,5,0,0,0,0,0,0,0,0,0,0,0,0,0,0,0,0,0,0,0,0,0
Aaron Ramsdale,5,0,0,0,0,0,0,0,0,0,0,0,0,0,0,0,0,0,0,0,0,0
Rico Lewis,5,0,0,0,0,0,0,0,0,0,0,0,0,0,0,0,0,0,0,0,0,0
Noni Madueke,5,0,0,0,0,0,0,0,0,0,0,0,0,0,0,0,0,0,0,0,0,0
John Salako,5,0,0,0,0,0,0,0,0,0,0,0,0,0,0,0,0,0,0,0,0,0
Chris Powell,5,0,0,0,0,0,0,0,0,0,0,0,0,0,0,0,0,0,0,0,0,0
James Beattie,5,0,0,0,0,0,0,0,0,0,0,0,0,0,0,0,0,0,0,0,0,0
Hubert Heron,5,0,0,0,0,0,0,0,0,0,0,0,0,0,0,0,0,0,0,0,0,0
Stuart Macrae,5,0,0,0,0,0,0,0,0,0,0,0,0,0,0,0,0,0,0,0,0,0
Billy Rose,5,0,0,0,0,0,0,0,0,0,0,0,0,0,0,0,0,0,0,0,0,0
Bob Howarth,5,0,0,0,0,0,0,0,0,0,0,0,0,0,0,0,0,0,0,0,0,0
George Haworth,5,0,0,0,0,0,0,0,0,0,0,0,0,0,0,0,0,0,0,0,0,0
Harry Allen,5,0,0,0,0,0,0,0,0,0,0,0,0,0,0,0,0,0,0,0,0,0
John Willie Sutcliffe,5,0,0,0,0,0,0,0,0,0,0,0,0,0,0,0,0,0,0,0,0,0
Vaughan Lodge,5,0,0,0,0,0,0,0,0,0,0,0,0,0,0,0,0,0,0,0,0,0
Kelly Houlker,5,0,0,0,0,0,0,0,0,0,0,0,0,0,0,0,0,0,0,0,0,0
Tom Baddeley,5,0,0,0,0,0,0,0,0,0,0,0,0,0,0,0,0,0,0,0,0,0
Cyrille Regis,5,0,0,0,0,0,0,0,0,0,0,0,0,0,0,0,0,0,0,0,0,0
Clive Allen,5,0,0,0,0,0,0,0,0,0,0,0,0,0,0,0,0,0,0,0,0,0
Martin Dobson,5,0,0,0,0,0,0,0,0,0,0,0,0,0,0,0,0,0,0,0,0,0
David Nish,5,0,0,0,0,0,0,0,0,0,0,0,0,0,0,0,0,0,0,0,0,0
Mike Doyle,5,0,0,0,0,0,0,0,0,0,0,0,0,0,0,0,0,0,0,0,0,0
Dave Clement,5,0,0,0,0,0,0,0,0,0,0,0,0,0,0,0,0,0,0,0,0,0
Baishe Bower,5,0,0,0,0,0,0,0,0,0,0,0,0,0,0,0,0,0,0,0,0,0
Bill Ashurst,5,0,0,0,0,0,0,0,0,0,0,0,0,0,0,0,0,0,0,0,0,0
Ephraim Longworth,5,0,0,0,0,0,0,0,0,0,0,0,0,0,0,0,0,0,0,0,0,0
Tom Bromilow,5,0,0,0,0,0,0,0,0,0,0,0,0,0,0,0,0,0,0,0,0,0
Tommy Smart,5,0,0,0,0,0,0,0,0,0,0,0,0,0,0,0,0,0,0,0,0,0
Tom Brittleton,5,0,0,0,0,0,0,0,0,0,0,0,0,0,0,0,0,0,0,0,0,0
Tommy Magee,5,0,0,0,0,0,0,0,0,0,0,0,0,0,0,0,0,0,0,0,0,0
Frank Moss,5,0,0,0,0,0,0,0,0,0,0,0,0,0,0,0,0,0,0,0,0,0
Bob Hawkes,5,0,0,0,0,0,0,0,0,0,0,0,0,0,0,0,0,0,0,0,0,0
Horace Bailey,5,0,0,0,0,0,0,0,0,0,0,0,0,0,0,0,0,0,0,0,0,0
Alec Leake,5,0,0,0,0,0,0,0,0,0,0,0,0,0,0,0,0,0,0,0,0,0
Fred Pentland,5,0,0,0,0,0,0,0,0,0,0,0,0,0,0,0,0,0,0,0,0,0
Jeff Astle,5,0,0,0,0,0,0,0,0,0,0,0,0,0,0,0,0,0,0,0,0,0
Doug Holden,5,0,0,0,0,0,0,0,0,0,0,0,0,0,0,0,0,0,0,0,0,0
Albert Quixall,5,0,0,0,0,0,0,0,0,0,0,0,0,0,0,0,0,0,0,0,0,0
Graham Shaw,5,0,0,0,0,0,0,0,0,0,0,0,0,0,0,0,0,0,0,0,0,0
Reg Matthews,5,0,0,0,0,0,0,0,0,0,0,0,0,0,0,0,0,0,0,0,0,0
Alan Hodgkinson,5,0,0,0,0,0,0,0,0,0,0,0,0,0,0,0,0,0,0,0,0,0
Frank Blunstone,5,0,0,0,0,0,0,0,0,0,0,0,0,0,0,0,0,0,0,0,0,0
Tony Waiters,5,0,0,0,0,0,0,0,0,0,0,0,0,0,0,0,0,0,0,0,0,0
Ted Catlin,5,0,0,0,0,0,0,0,0,0,0,0,0,0,0,0,0,0,0,0,0,0
Len Barry,5,0,0,0,0,0,0,0,0,0,0,0,0,0,0,0,0,0,0,0,0,0
Sam Barkas,5,0,0,0,0,0,0,0,0,0,0,0,0,0,0,0,0,0,0,0,0,0
Joe Mercer,5,0,0,0,0,0,0,0,0,0,0,0,0,0,0,0,0,0,0,0,0,0
Ben White,4,0,0,0,0,0,0,0,0,0,0,0,0,0,0,0,0,0,0,0,0,0
Sam Johnstone,4,0,0,0,0,0,0,0,0,0,0,0,0,0,0,0,0,0,0,0,0,0
Levi Colwill,4,0,0,0,0,0,0,0,0,0,0,0,0,0,0,0,0,0,0,0,0,0
Angel Gomes,4,0,0,0,0,0,0,0,0,0,0,0,0,0,0,0,0,0,0,0,0,0
Steve Howey,4,0,0,0,0,0,0,0,0,0,0,0,0,0,0,0,0,0,0,0,0,0
Ian Walker,4,0,0,0,0,0,0,0,0,0,0,0,0,0,0,0,0,0,0,0,0,0
Dion Dublin,4,0,0,0,0,0,0,0,0,0,0,0,0,0,0,0,0,0,0,0,0,0
Scott Carson,4,0,0,0,0,0,0,0,0,0,0,0,0,0,0,0,0,0,0,0,0,0
Tom Huddlestone,4,0,0,0,0,0,0,0,0,0,0,0,0,0,0,0,0,0,0,0,0,0
Michael Dawson,4,0,0,0,0,0,0,0,0,0,0,0,0,0,0,0,0,0,0,0,0,0
Charles Wollaston,4,0,0,0,0,0,0,0,0,0,0,0,0,0,0,0,0,0,0,0,0,0
George Holden,4,0,0,0,0,0,0,0,0,0,0,0,0,0,0,0,0,0,0,0,0,0
Alf Dobson,4,0,0,0,0,0,0,0,0,0,0,0,0,0,0,0,0,0,0,0,0,0
Tommy Clare,4,0,0,0,0,0,0,0,0,0,0,0,0,0,0,0,0,0,0,0,0,0
Charles Wreford-Brown,4,0,0,0,0,0,0,0,0,0,0,0,0,0,0,0,0,0,0,0,0,0
George Kinsey,4,0,0,0,0,0,0,0,0,0,0,0,0,0,0,0,0,0,0,0,0,0
George Raikes,4,0,0,0,0,0,0,0,0,0,0,0,0,0,0,0,0,0,0,0,0,0
George Molyneux,4,0,0,0,0,0,0,0,0,0,0,0,0,0,0,0,0,0,0,0,0,0
Herbert Burgess,4,0,0,0,0,0,0,0,0,0,0,0,0,0,0,0,0,0,0,0,0,0
Alec Lindsay,4,0,0,0,0,0,0,0,0,0,0,0,0,0,0,0,0,0,0,0,0,0
Mike Pejic,4,0,0,0,0,0,0,0,0,0,0,0,0,0,0,0,0,0,0,0,0,0
Tom Urwin,4,0,0,0,0,0,0,0,0,0,0,0,0,0,0,0,0,0,0,0,0,0
Tommy Clay,4,0,0,0,0,0,0,0,0,0,0,0,0,0,0,0,0,0,0,0,0,0
Billy Bradshaw,4,0,0,0,0,0,0,0,0,0,0,0,0,0,0,0,0,0,0,0,0,0
Herbert Smith,4,0,0,0,0,0,0,0,0,0,0,0,0,0,0,0,0,0,0,0,0,0
Harry Makepeace,4,0,0,0,0,0,0,0,0,0,0,0,0,0,0,0,0,0,0,0,0,0
Cyril Knowles,4,0,0,0,0,0,0,0,0,0,0,0,0,0,0,0,0,0,0,0,0,0
Bob McNab,4,0,0,0,0,0,0,0,0,0,0,0,0,0,0,0,0,0,0,0,0,0
Ralph Coates,4,0,0,0,0,0,0,0,0,0,0,0,0,0,0,0,0,0,0,0,0,0
Peter Osgood,4,0,0,0,0,0,0,0,0,0,0,0,0,0,0,0,0,0,0,0,0,0
Johnny Berry,4,0,0,0,0,0,0,0,0,0,0,0,0,0,0,0,0,0,0,0,0,0
Willie Watson,4,0,0,0,0,0,0,0,0,0,0,0,0,0,0,0,0,0,0,0,0,0
Ian Callaghan,4,0,0,0,0,0,0,0,0,0,0,0,0,0,0,0,0,0,0,0,0,0
David Sadler,4,0,0,0,0,0,0,0,0,0,0,0,0,0,0,0,0,0,0,0,0,0
Larry Lloyd,4,0,0,0,0,0,0,0,0,0,0,0,0,0,0,0,0,0,0,0,0,0
Eddie Clamp,4,0,0,0,0,0,0,0,0,0,0,0,0,0,0,0,0,0,0,0,0,0
Bill McGarry,4,0,0,0,0,0,0,0,0,0,0,0,0,0,0,0,0,0,0,0,0,0
Albert Geldard,4,0,0,0,0,0,0,0,0,0,0,0,0,0,0,0,0,0,0,0,0,0
Ted Sagar,4,0,0,0,0,0,0,0,0,0,0,0,0,0,0,0,0,0,0,0,0,0
Eric Keen,4,0,0,0,0,0,0,0,0,0,0,0,0,0,0,0,0,0,0,0,0,0
Frank Moss,4,0,0,0,0,0,0,0,0,0,0,0,0,0,0,0,0,0,0,0,0,0
Calum Chambers,3,0,0,0,0,0,0,0,0,0,0,0,0,0,0,0,0,0,0,0,0,0
Danny Drinkwater,3,0,0,0,0,0,0,0,0,0,0,0,0,0,0,0,0,0,0,0,0,0
Tom Heaton,3,0,0,0,0,0,0,0,0,0,0,0,0,0,0,0,0,0,0,0,0,0
Aaron Cresswell,3,0,0,0,0,0,0,0,0,0,0,0,0,0,0,0,0,0,0,0,0,0
Dominic Solanke,3,0,0,0,0,0,0,0,0,0,0,0,0,0,0,0,0,0,0,0,0,0
Callum Hudson-Odoi,3,0,0,0,0,0,0,0,0,0,0,0,0,0,0,0,0,0,0,0,0,0
Earl Barrett,3,0,0,0,0,0,0,0,0,0,0,0,0,0,0,0,0,0,0,0,0,0
Brian Deane,3,0,0,0,0,0,0,0,0,0,0,0,0,0,0,0,0,0,0,0,0,0
Paul Stewart,3,0,0,0,0,0,0,0,0,0,0,0,0,0,0,0,0,0,0,0,0,0
Keith Curle,3,0,0,0,0,0,0,0,0,0,0,0,0,0,0,0,0,0,0,0,0,0
Warren Barton,3,0,0,0,0,0,0,0,0,0,0,0,0,0,0,0,0,0,0,0,0,0
John Scales,3,0,0,0,0,0,0,0,0,0,0,0,0,0,0,0,0,0,0,0,0,0
Stan Collymore,3,0,0,0,0,0,0,0,0,0,0,0,0,0,0,0,0,0,0,0,0,0
Jason Wilcox,3,0,0,0,0,0,0,0,0,0,0,0,0,0,0,0,0,0,0,0,0,0
Tim Sherwood,3,0,0,0,0,0,0,0,0,0,0,0,0,0,0,0,0,0,0,0,0,0
Michael Gray,3,0,0,0,0,0,0,0,0,0,0,0,0,0,0,0,0,0,0,0,0,0
Gabriel Agbonlahor,3,0,0,0,0,0,0,0,0,0,0,0,0,0,0,0,0,0,0,0,0,0
Jack Rodwell,3,0,0,0,0,0,0,0,0,0,0,0,0,0,0,0,0,0,0,0,0,0
Beaumont Jarrett,3,0,0,0,0,0,0,0,0,0,0,0,0,0,0,0,0,0,0,0,0,0
Fred Hargreaves,3,0,0,0,0,0,0,0,0,0,0,0,0,0,0,0,0,0,0,0,0,0
Alf Jones,3,0,0,0,0,0,0,0,0,0,0,0,0,0,0,0,0,0,0,0,0,0
Percy de Paravicini,3,0,0,0,0,0,0,0,0,0,0,0,0,0,0,0,0,0,0,0,0,0
Harry Goodhart,3,0,0,0,0,0,0,0,0,0,0,0,0,0,0,0,0,0,0,0,0,0
Joe Beverley,3,0,0,0,0,0,0,0,0,0,0,0,0,0,0,0,0,0,0,0,0,0
Ralph Squire,3,0,0,0,0,0,0,0,0,0,0,0,0,0,0,0,0,0,0,0,0,0
Charlie Mason,3,0,0,0,0,0,0,0,0,0,0,0,0,0,0,0,0,0,0,0,0,0
Bob Roberts,3,0,0,0,0,0,0,0,0,0,0,0,0,0,0,0,0,0,0,0,0,0
Charlie Perry,3,0,0,0,0,0,0,0,0,0,0,0,0,0,0,0,0,0,0,0,0,0
Albert Smith,3,0,0,0,0,0,0,0,0,0,0,0,0,0,0,0,0,0,0,0,0,0
Fred Pelly,3,0,0,0,0,0,0,0,0,0,0,0,0,0,0,0,0,0,0,0,0,0
Jimmy Turner,3,0,0,0,0,0,0,0,0,0,0,0,0,0,0,0,0,0,0,0,0,0
Leslie Gay,3,0,0,0,0,0,0,0,0,0,0,0,0,0,0,0,0,0,0,0,0,0
Jack Cox,3,0,0,0,0,0,0,0,0,0,0,0,0,0,0,0,0,0,0,0,0,0
Billy George,3,0,0,0,0,0,0,0,0,0,0,0,0,0,0,0,0,0,0,0,0,0
Billy Hogg,3,0,0,0,0,0,0,0,0,0,0,0,0,0,0,0,0,0,0,0,0,0
Paul Bracewell,3,0,0,0,0,0,0,0,0,0,0,0,0,0,0,0,0,0,0,0,0,0
Sam Wolstenholme,3,0,0,0,0,0,0,0,0,0,0,0,0,0,0,0,0,0,0,0,0,0
David Armstrong,3,0,0,0,0,0,0,0,0,0,0,0,0,0,0,0,0,0,0,0,0,0
Steve Foster,3,0,0,0,0,0,0,0,0,0,0,0,0,0,0,0,0,0,0,0,0,0
Garry Birtles,3,0,0,0,0,0,0,0,0,0,0,0,0,0,0,0,0,0,0,0,0,0
Derek Statham,3,0,0,0,0,0,0,0,0,0,0,0,0,0,0,0,0,0,0,0,0,0
Ricky Hill,3,0,0,0,0,0,0,0,0,0,0,0,0,0,0,0,0,0,0,0,0,0
Tony Towers,3,0,0,0,0,0,0,0,0,0,0,0,0,0,0,0,0,0,0,0,0,0
Charlie Roberts,3,0,0,0,0,0,0,0,0,0,0,0,0,0,0,0,0,0,0,0,0,0
Thomas Mort,3,0,0,0,0,0,0,0,0,0,0,0,0,0,0,0,0,0,0,0,0,0
George Elliott,3,0,0,0,0,0,0,0,0,0,0,0,0,0,0,0,0,0,0,0,0,0
Jack Silcock,3,0,0,0,0,0,0,0,0,0,0,0,0,0,0,0,0,0,0,0,0,0
Billy Watson,3,0,0,0,0,0,0,0,0,0,0,0,0,0,0,0,0,0,0,0,0,0
Jimmy Dimmock,3,0,0,0,0,0,0,0,0,0,0,0,0,0,0,0,0,0,0,0,0,0
Joe Hodkinson,3,0,0,0,0,0,0,0,0,0,0,0,0,0,0,0,0,0,0,0,0,0
Charles Wallace,3,0,0,0,0,0,0,0,0,0,0,0,0,0,0,0,0,0,0,0,0,0
Dick Pym,3,0,0,0,0,0,0,0,0,0,0,0,0,0,0,0,0,0,0,0,0,0
Tommy Lucas,3,0,0,0,0,0,0,0,0,0,0,0,0,0,0,0,0,0,0,0,0,0
Billy Smith,3,0,0,0,0,0,0,0,0,0,0,0,0,0,0,0,0,0,0,0,0,0
Ian Gillard,3,0,0,0,0,0,0,0,0,0,0,0,0,0,0,0,0,0,0,0,0,0
Jimmy Ashcroft,3,0,0,0,0,0,0,0,0,0,0,0,0,0,0,0,0,0,0,0,0,0
Watty Corbett,3,0,0,0,0,0,0,0,0,0,0,0,0,0,0,0,0,0,0,0,0,0
Harry Ruddlesdin,3,0,0,0,0,0,0,0,0,0,0,0,0,0,0,0,0,0,0,0,0,0
Bert Mozley,3,0,0,0,0,0,0,0,0,0,0,0,0,0,0,0,0,0,0,0,0,0
Mick Jones,3,0,0,0,0,0,0,0,0,0,0,0,0,0,0,0,0,0,0,0,0,0
Gordon West,3,0,0,0,0,0,0,0,0,0,0,0,0,0,0,0,0,0,0,0,0,0
Paul Reaney,3,0,0,0,0,0,0,0,0,0,0,0,0,0,0,0,0,0,0,0,0,0
Peter Brabrook,3,0,0,0,0,0,0,0,0,0,0,0,0,0,0,0,0,0,0,0,0,0
Jack Hacking,3,0,0,0,0,0,0,0,0,0,0,0,0,0,0,0,0,0,0,0,0,0
Len Phillips,3,0,0,0,0,0,0,0,0,0,0,0,0,0,0,0,0,0,0,0,0,0
Tommy Garrett,3,0,0,0,0,0,0,0,0,0,0,0,0,0,0,0,0,0,0,0,0,0
Edwin Holliday,3,0,0,0,0,0,0,0,0,0,0,0,0,0,0,0,0,0,0,0,0,0
Mal Barrass,3,0,0,0,0,0,0,0,0,0,0,0,0,0,0,0,0,0,0,0,0,0
Joe Peacock,3,0,0,0,0,0,0,0,0,0,0,0,0,0,0,0,0,0,0,0,0,0
Billy Marsden,3,0,0,0,0,0,0,0,0,0,0,0,0,0,0,0,0,0,0,0,0,0
Maurice Webster,3,0,0,0,0,0,0,0,0,0,0,0,0,0,0,0,0,0,0,0,0,0
Laurie Hughes,3,0,0,0,0,0,0,0,0,0,0,0,0,0,0,0,0,0,0,0,0,0
Ron Baynham,3,0,0,0,0,0,0,0,0,0,0,0,0,0,0,0,0,0,0,0,0,0
Peter Sillett,3,0,0,0,0,0,0,0,0,0,0,0,0,0,0,0,0,0,0,0,0,0
Jim Langley,3,0,0,0,0,0,0,0,0,0,0,0,0,0,0,0,0,0,0,0,0,0
Syd Owen,3,0,0,0,0,0,0,0,0,0,0,0,0,0,0,0,0,0,0,0,0,0
Tony Allen,3,0,0,0,0,0,0,0,0,0,0,0,0,0,0,0,0,0,0,0,0,0
Joe Tate,3,0,0,0,0,0,0,0,0,0,0,0,0,0,0,0,0,0,0,0,0,0
Jack Howe,3,0,0,0,0,0,0,0,0,0,0,0,0,0,0,0,0,0,0,0,0,0
Sam Cowan,3,0,0,0,0,0,0,0,0,0,0,0,0,0,0,0,0,0,0,0,0,0
Harry Nuttall,3,0,0,0,0,0,0,0,0,0,0,0,0,0,0,0,0,0,0,0,0,0
Jack Bruton,3,0,0,0,0,0,0,0,0,0,0,0,0,0,0,0,0,0,0,0,0,0
Ray Wood,3,0,0,0,0,0,0,0,0,0,0,0,0,0,0,0,0,0,0,0,0,0
Charles Gee,3,0,0,0,0,0,0,0,0,0,0,0,0,0,0,0,0,0,0,0,0,0
Peter O'Dowd,3,0,0,0,0,0,0,0,0,0,0,0,0,0,0,0,0,0,0,0,0,0
Sam Weaver,3,0,0,0,0,0,0,0,0,0,0,0,0,0,0,0,0,0,0,0,0,0
Lewis Stoker,3,0,0,0,0,0,0,0,0,0,0,0,0,0,0,0,0,0,0,0,0,0
Eddie Lowe,3,0,0,0,0,0,0,0,0,0,0,0,0,0,0,0,0,0,0,0,0,0
Wally Boyes,3,0,0,0,0,0,0,0,0,0,0,0,0,0,0,0,0,0,0,0,0,0
Horace Burrows,3,0,0,0,0,0,0,0,0,0,0,0,0,0,0,0,0,0,0,0,0,0
Phil Taylor,3,0,0,0,0,0,0,0,0,0,0,0,0,0,0,0,0,0,0,0,0,0
Bill Morris,3,0,0,0,0,0,0,0,0,0,0,0,0,0,0,0,0,0,0,0,0,0
James Tarkowski,2,0,0,0,0,0,0,0,0,0,0,0,0,0,0,0,0,0,0,0,0,0
Dean Henderson,2,0,0,0,0,0,0,0,0,0,0,0,0,0,0,0,0,0,0,0,0,0
Ben Godfrey,2,0,0,0,0,0,0,0,0,0,0,0,0,0,0,0,0,0,0,0,0,0
Kyle Walker-Peters,2,0,0,0,0,0,0,0,0,0,0,0,0,0,0,0,0,0,0,0,0,0
Tyrick Mitchell,2,0,0,0,0,0,0,0,0,0,0,0,0,0,0,0,0,0,0,0,0,0
Morgan Gibbs-White,2,0,0,0,0,0,0,0,0,0,0,0,0,0,0,0,0,0,0,0,0,0
Lewis Hall,2,0,0,0,0,0,0,0,0,0,0,0,0,0,0,0,0,0,0,0,0,0
Morgan Rogers,2,0,0,0,0,0,0,0,0,0,0,0,0,0,0,0,0,0,0,0,0,0
Michael Thomas,2,0,0,0,0,0,0,0,0,0,0,0,0,0,0,0,0,0,0,0,0,0
Mick Harford,2,0,0,0,0,0,0,0,0,0,0,0,0,0,0,0,0,0,0,0,0,0
John Fashanu,2,0,0,0,0,0,0,0,0,0,0,0,0,0,0,0,0,0,0,0,0,0
Dave Beasant,2,0,0,0,0,0,0,0,0,0,0,0,0,0,0,0,0,0,0,0,0,0
Nigel Winterburn,2,0,0,0,0,0,0,0,0,0,0,0,0,0,0,0,0,0,0,0,0,0
Gary Charles,2,0,0,0,0,0,0,0,0,0,0,0,0,0,0,0,0,0,0,0,0,0
David Bardsley,2,0,0,0,0,0,0,0,0,0,0,0,0,0,0,0,0,0,0,0,0,0
Stuart Ripley,2,0,0,0,0,0,0,0,0,0,0,0,0,0,0,0,0,0,0,0,0,0
Steve Bould,2,0,0,0,0,0,0,0,0,0,0,0,0,0,0,0,0,0,0,0,0,0
Barry Venison,2,0,0,0,0,0,0,0,0,0,0,0,0,0,0,0,0,0,0,0,0,0
Colin Cooper,2,0,0,0,0,0,0,0,0,0,0,0,0,0,0,0,0,0,0,0,0,0
Richard Wright,2,0,0,0,0,0,0,0,0,0,0,0,0,0,0,0,0,0,0,0,0,0
Paul Konchesky,2,0,0,0,0,0,0,0,0,0,0,0,0,0,0,0,0,0,0,0,0,0
Zat Knight,2,0,0,0,0,0,0,0,0,0,0,0,0,0,0,0,0,0,0,0,0,0
Nicky Shorey,2,0,0,0,0,0,0,0,0,0,0,0,0,0,0,0,0,0,0,0,0,0
Stephen Warnock,2,0,0,0,0,0,0,0,0,0,0,0,0,0,0,0,0,0,0,0,0,0
Bobby Zamora,2,0,0,0,0,0,0,0,0,0,0,0,0,0,0,0,0,0,0,0,0,0
Leon Osman,2,0,0,0,0,0,0,0,0,0,0,0,0,0,0,0,0,0,0,0,0,0
Wilfried Zaha,2,0,0,0,0,0,0,0,0,0,0,0,0,0,0,0,0,0,0,0,0,0
Reginald Courtenay Welch,2,0,0,0,0,0,0,0,0,0,0,0,0,0,0,0,0,0,0,0,0,0
William Maynard,2,0,0,0,0,0,0,0,0,0,0,0,0,0,0,0,0,0,0,0,0,0
Ernest Harwood Greenhalgh,2,0,0,0,0,0,0,0,0,0,0,0,0,0,0,0,0,0,0,0,0,0
Cuthbert Ottaway,2,0,0,0,0,0,0,0,0,0,0,0,0,0,0,0,0,0,0,0,0,0
Pelham George von Donop,2,0,0,0,0,0,0,0,0,0,0,0,0,0,0,0,0,0,0,0,0,0
William Clegg,2,0,0,0,0,0,0,0,0,0,0,0,0,0,0,0,0,0,0,0,0,0
Francis Birley,2,0,0,0,0,0,0,0,0,0,0,0,0,0,0,0,0,0,0,0,0,0
William Rawson,2,0,0,0,0,0,0,0,0,0,0,0,0,0,0,0,0,0,0,0,0,0
Edgar Field,2,0,0,0,0,0,0,0,0,0,0,0,0,0,0,0,0,0,0,0,0,0
Lindsay Bury,2,0,0,0,0,0,0,0,0,0,0,0,0,0,0,0,0,0,0,0,0,0
Claude Wilson,2,0,0,0,0,0,0,0,0,0,0,0,0,0,0,0,0,0,0,0,0,0
Edwin Luntley,2,0,0,0,0,0,0,0,0,0,0,0,0,0,0,0,0,0,0,0,0,0
Tom Marshall,2,0,0,0,0,0,0,0,0,0,0,0,0,0,0,0,0,0,0,0,0,0
John Hawtrey,2,0,0,0,0,0,0,0,0,0,0,0,0,0,0,0,0,0,0,0,0,0
Tot Rostron,2,0,0,0,0,0,0,0,0,0,0,0,0,0,0,0,0,0,0,0,0,0
Jack Hargreaves,2,0,0,0,0,0,0,0,0,0,0,0,0,0,0,0,0,0,0,0,0,0
Doctor Greenwood,2,0,0,0,0,0,0,0,0,0,0,0,0,0,0,0,0,0,0,0,0,0
Harry Moore,2,0,0,0,0,0,0,0,0,0,0,0,0,0,0,0,0,0,0,0,0,0
Charles Plumpton Wilson,2,0,0,0,0,0,0,0,0,0,0,0,0,0,0,0,0,0,0,0,0,0
Dickie Baugh,2,0,0,0,0,0,0,0,0,0,0,0,0,0,0,0,0,0,0,0,0,0
Cecil White,2,0,0,0,0,0,0,0,0,0,0,0,0,0,0,0,0,0,0,0,0,0
Albert James Aldridge,2,0,0,0,0,0,0,0,0,0,0,0,0,0,0,0,0,0,0,0,0,0
Albert Fletcher,2,0,0,0,0,0,0,0,0,0,0,0,0,0,0,0,0,0,0,0,0,0
Bill Rowley,2,0,0,0,0,0,0,0,0,0,0,0,0,0,0,0,0,0,0,0,0,0
David Weir,2,0,0,0,0,0,0,0,0,0,0,0,0,0,0,0,0,0,0,0,0,0
Alf Underwood,2,0,0,0,0,0,0,0,0,0,0,0,0,0,0,0,0,0,0,0,0,0
George Toone,2,0,0,0,0,0,0,0,0,0,0,0,0,0,0,0,0,0,0,0,0,0
Anthony Hossack,2,0,0,0,0,0,0,0,0,0,0,0,0,0,0,0,0,0,0,0,0,0
Alban Harrison,2,0,0,0,0,0,0,0,0,0,0,0,0,0,0,0,0,0,0,0,0,0
Robert Topham,2,0,0,0,0,0,0,0,0,0,0,0,0,0,0,0,0,0,0,0,0,0
Jimmy Whitehead,2,0,0,0,0,0,0,0,0,0,0,0,0,0,0,0,0,0,0,0,0,0
Tom Booth,2,0,0,0,0,0,0,0,0,0,0,0,0,0,0,0,0,0,0,0,0,0
Harry Thickitt,2,0,0,0,0,0,0,0,0,0,0,0,0,0,0,0,0,0,0,0,0,0
Archie Turner,2,0,0,0,0,0,0,0,0,0,0,0,0,0,0,0,0,0,0,0,0,0
Arthur Chadwick,2,0,0,0,0,0,0,0,0,0,0,0,0,0,0,0,0,0,0,0,0,0
Billy Bannister,2,0,0,0,0,0,0,0,0,0,0,0,0,0,0,0,0,0,0,0,0,0
Walter Bennett,2,0,0,0,0,0,0,0,0,0,0,0,0,0,0,0,0,0,0,0,0,0
Billy Beats,2,0,0,0,0,0,0,0,0,0,0,0,0,0,0,0,0,0,0,0,0,0
James Iremonger,2,0,0,0,0,0,0,0,0,0,0,0,0,0,0,0,0,0,0,0,0,0
Mark Barham,2,0,0,0,0,0,0,0,0,0,0,0,0,0,0,0,0,0,0,0,0,0
Danny Thomas,2,0,0,0,0,0,0,0,0,0,0,0,0,0,0,0,0,0,0,0,0,0
Eric Gates,2,0,0,0,0,0,0,0,0,0,0,0,0,0,0,0,0,0,0,0,0,0
Alan Kennedy,2,0,0,0,0,0,0,0,0,0,0,0,0,0,0,0,0,0,0,0,0,0
Gary Bailey,2,0,0,0,0,0,0,0,0,0,0,0,0,0,0,0,0,0,0,0,0,0
Steve Hunt,2,0,0,0,0,0,0,0,0,0,0,0,0,0,0,0,0,0,0,0,0,0
Kevin Reeves,2,0,0,0,0,0,0,0,0,0,0,0,0,0,0,0,0,0,0,0,0,0
Kevin Hector,2,0,0,0,0,0,0,0,0,0,0,0,0,0,0,0,0,0,0,0,0,0
Alan Hudson,2,0,0,0,0,0,0,0,0,0,0,0,0,0,0,0,0,0,0,0,0,0
Fanny Walden,2,0,0,0,0,0,0,0,0,0,0,0,0,0,0,0,0,0,0,0,0,0
Eddie Mosscrop,2,0,0,0,0,0,0,0,0,0,0,0,0,0,0,0,0,0,0,0,0,0
Joseph Smith,2,0,0,0,0,0,0,0,0,0,0,0,0,0,0,0,0,0,0,0,0,0
Jacky Carr,2,0,0,0,0,0,0,0,0,0,0,0,0,0,0,0,0,0,0,0,0,0
Danny Shea,2,0,0,0,0,0,0,0,0,0,0,0,0,0,0,0,0,0,0,0,0,0
Ernest Williamson,2,0,0,0,0,0,0,0,0,0,0,0,0,0,0,0,0,0,0,0,0,0
Bobby McNeal,2,0,0,0,0,0,0,0,0,0,0,0,0,0,0,0,0,0,0,0,0,0
Howard Baker,2,0,0,0,0,0,0,0,0,0,0,0,0,0,0,0,0,0,0,0,0,0
Francis Cuggy,2,0,0,0,0,0,0,0,0,0,0,0,0,0,0,0,0,0,0,0,0,0
Jack Tresadern,2,0,0,0,0,0,0,0,0,0,0,0,0,0,0,0,0,0,0,0,0,0
Basil Patchitt,2,0,0,0,0,0,0,0,0,0,0,0,0,0,0,0,0,0,0,0,0,0
Harry Healless,2,0,0,0,0,0,0,0,0,0,0,0,0,0,0,0,0,0,0,0,0,0
Bert Smith,2,0,0,0,0,0,0,0,0,0,0,0,0,0,0,0,0,0,0,0,0,0
Fred Titmuss,2,0,0,0,0,0,0,0,0,0,0,0,0,0,0,0,0,0,0,0,0,0
Albert Sturgess,2,0,0,0,0,0,0,0,0,0,0,0,0,0,0,0,0,0,0,0,0,0
Charlie Spencer,2,0,0,0,0,0,0,0,0,0,0,0,0,0,0,0,0,0,0,0,0,0
Jack Townrow,2,0,0,0,0,0,0,0,0,0,0,0,0,0,0,0,0,0,0,0,0,0
Richard York,2,0,0,0,0,0,0,0,0,0,0,0,0,0,0,0,0,0,0,0,0,0
Kenneth Hunt,2,0,0,0,0,0,0,0,0,0,0,0,0,0,0,0,0,0,0,0,0,0
Fred Ewer,2,0,0,0,0,0,0,0,0,0,0,0,0,0,0,0,0,0,0,0,0,0
Bill Rawlings,2,0,0,0,0,0,0,0,0,0,0,0,0,0,0,0,0,0,0,0,0,0
Jack Harrow,2,0,0,0,0,0,0,0,0,0,0,0,0,0,0,0,0,0,0,0,0,0
Jackie Mordue,2,0,0,0,0,0,0,0,0,0,0,0,0,0,0,0,0,0,0,0,0,0
George Harrison,2,0,0,0,0,0,0,0,0,0,0,0,0,0,0,0,0,0,0,0,0,0
Frank Jefferis,2,0,0,0,0,0,0,0,0,0,0,0,0,0,0,0,0,0,0,0,0,0
Jack Parkinson,2,0,0,0,0,0,0,0,0,0,0,0,0,0,0,0,0,0,0,0,0,0
Leonard Graham,2,0,0,0,0,0,0,0,0,0,0,0,0,0,0,0,0,0,0,0,0,0
Jerry Dawson,2,0,0,0,0,0,0,0,0,0,0,0,0,0,0,0,0,0,0,0,0,0
Stan Earle,2,0,0,0,0,0,0,0,0,0,0,0,0,0,0,0,0,0,0,0,0,0
Owen Williams,2,0,0,0,0,0,0,0,0,0,0,0,0,0,0,0,0,0,0,0,0,0
Colin Viljoen,2,0,0,0,0,0,0,0,0,0,0,0,0,0,0,0,0,0,0,0,0,0
Billy Brawn,2,0,0,0,0,0,0,0,0,0,0,0,0,0,0,0,0,0,0,0,0,0
Jack Carr,2,0,0,0,0,0,0,0,0,0,0,0,0,0,0,0,0,0,0,0,0,0
Jim Taylor,2,0,0,0,0,0,0,0,0,0,0,0,0,0,0,0,0,0,0,0,0,0
Vic Metcalfe,2,0,0,0,0,0,0,0,0,0,0,0,0,0,0,0,0,0,0,0,0,0
Harry Linacre,2,0,0,0,0,0,0,0,0,0,0,0,0,0,0,0,0,0,0,0,0,0
Leslie Compton,2,0,0,0,0,0,0,0,0,0,0,0,0,0,0,0,0,0,0,0,0,0
Allenby Chilton,2,0,0,0,0,0,0,0,0,0,0,0,0,0,0,0,0,0,0,0,0,0
Trevor Smith,2,0,0,0,0,0,0,0,0,0,0,0,0,0,0,0,0,0,0,0,0,0
Bill Jones,2,0,0,0,0,0,0,0,0,0,0,0,0,0,0,0,0,0,0,0,0,0
Bill Ellerington,2,0,0,0,0,0,0,0,0,0,0,0,0,0,0,0,0,0,0,0,0,0
Norman Deeley,2,0,0,0,0,0,0,0,0,0,0,0,0,0,0,0,0,0,0,0,0,0
Tommy Thompson,2,0,0,0,0,0,0,0,0,0,0,0,0,0,0,0,0,0,0,0,0,0
Brian Clough,2,0,0,0,0,0,0,0,0,0,0,0,0,0,0,0,0,0,0,0,0,0
Tony Leach,2,0,0,0,0,0,0,0,0,0,0,0,0,0,0,0,0,0,0,0,0,0
Gerry Byrne,2,0,0,0,0,0,0,0,0,0,0,0,0,0,0,0,0,0,0,0,0,0
John Radford,2,0,0,0,0,0,0,0,0,0,0,0,0,0,0,0,0,0,0,0,0,0
Mike Bailey,2,0,0,0,0,0,0,0,0,0,0,0,0,0,0,0,0,0,0,0,0,0
Terry Venables,2,0,0,0,0,0,0,0,0,0,0,0,0,0,0,0,0,0,0,0,0,0
Wilf McGuinness,2,0,0,0,0,0,0,0,0,0,0,0,0,0,0,0,0,0,0,0,0,0
Stan Anderson,2,0,0,0,0,0,0,0,0,0,0,0,0,0,0,0,0,0,0,0,0,0
Mike Hellawell,2,0,0,0,0,0,0,0,0,0,0,0,0,0,0,0,0,0,0,0,0,0
Fred Hill,2,0,0,0,0,0,0,0,0,0,0,0,0,0,0,0,0,0,0,0,0,0
Peter Harris,2,0,0,0,0,0,0,0,0,0,0,0,0,0,0,0,0,0,0,0,0,0
Bedford Jezzard,2,0,0,0,0,0,0,0,0,0,0,0,0,0,0,0,0,0,0,0,0,0
Dick Spence,2,0,0,0,0,0,0,0,0,0,0,0,0,0,0,0,0,0,0,0,0,0
Jimmy Allen,2,0,0,0,0,0,0,0,0,0,0,0,0,0,0,0,0,0,0,0,0,0
Sydney Puddefoot,2,0,0,0,0,0,0,0,0,0,0,0,0,0,0,0,0,0,0,0,0,0
Tommy Graham,2,0,0,0,0,0,0,0,0,0,0,0,0,0,0,0,0,0,0,0,0,0
Arthur Cunliffe,2,0,0,0,0,0,0,0,0,0,0,0,0,0,0,0,0,0,0,0,0,0
Hugh Turner,2,0,0,0,0,0,0,0,0,0,0,0,0,0,0,0,0,0,0,0,0,0
Ben Olney,2,0,0,0,0,0,0,0,0,0,0,0,0,0,0,0,0,0,0,0,0,0
Tim Ward,2,0,0,0,0,0,0,0,0,0,0,0,0,0,0,0,0,0,0,0,0,0
Ronnie Starling,2,0,0,0,0,0,0,0,0,0,0,0,0,0,0,0,0,0,0,0,0,0
Harry Holdcroft,2,0,0,0,0,0,0,0,0,0,0,0,0,0,0,0,0,0,0,0,0,0
Thomas Gardner,2,0,0,0,0,0,0,0,0,0,0,0,0,0,0,0,0,0,0,0,0,0
Eric Stephenson,2,0,0,0,0,0,0,0,0,0,0,0,0,0,0,0,0,0,0,0,0,0
Jon Flanagan,1,0,0,0,0,0,0,0,0,0,0,0,0,0,0,0,0,0,0,0,0,0
Ryan Mason,1,0,0,0,0,0,0,0,0,0,0,0,0,0,0,0,0,0,0,0,0,0
Nathan Redmond,1,0,0,0,0,0,0,0,0,0,0,0,0,0,0,0,0,0,0,0,0,0
Jack Cork,1,0,0,0,0,0,0,0,0,0,0,0,0,0,0,0,0,0,0,0,0,0
Lewis Cook,1,0,0,0,0,0,0,0,0,0,0,0,0,0,0,0,0,0,0,0,0,0
Nathaniel Chalobah,1,0,0,0,0,0,0,0,0,0,0,0,0,0,0,0,0,0,0,0,0,0
Alex McCarthy,1,0,0,0,0,0,0,0,0,0,0,0,0,0,0,0,0,0,0,0,0,0
Mason Greenwood,1,0,0,0,0,0,0,0,0,0,0,0,0,0,0,0,0,0,0,0,0,0
Harvey Barnes,1,0,0,0,0,0,0,0,0,0,0,0,0,0,0,0,0,0,0,0,0,0
Patrick Bamford,1,0,0,0,0,0,0,0,0,0,0,0,0,0,0,0,0,0,0,0,0,0
James Justin,1,0,0,0,0,0,0,0,0,0,0,0,0,0,0,0,0,0,0,0,0,0
Eddie Nketiah,1,0,0,0,0,0,0,0,0,0,0,0,0,0,0,0,0,0,0,0,0,0
Jarrad Branthwaite,1,0,0,0,0,0,0,0,0,0,0,0,0,0,0,0,0,0,0,0,0,0
Adam Wharton,1,0,0,0,0,0,0,0,0,0,0,0,0,0,0,0,0,0,0,0,0,0
Tino Livramento,1,0,0,0,0,0,0,0,0,0,0,0,0,0,0,0,0,0,0,0,0,0
Mel Sterland,1,0,0,0,0,0,0,0,0,0,0,0,0,0,0,0,0,0,0,0,0,0
Brian Marwood,1,0,0,0,0,0,0,0,0,0,0,0,0,0,0,0,0,0,0,0,0,0
Mike Phelan,1,0,0,0,0,0,0,0,0,0,0,0,0,0,0,0,0,0,0,0,0,0
Mark Walters,1,0,0,0,0,0,0,0,0,0,0,0,0,0,0,0,0,0,0,0,0,0
Andy Gray,1,0,0,0,0,0,0,0,0,0,0,0,0,0,0,0,0,0,0,0,0,0
David White,1,0,0,0,0,0,0,0,0,0,0,0,0,0,0,0,0,0,0,0,0,0
Kevin Richardson,1,0,0,0,0,0,0,0,0,0,0,0,0,0,0,0,0,0,0,0,0,0
Neil Ruddock,1,0,0,0,0,0,0,0,0,0,0,0,0,0,0,0,0,0,0,0,0,0
David Unsworth,1,0,0,0,0,0,0,0,0,0,0,0,0,0,0,0,0,0,0,0,0,0
Chris Sutton,1,0,0,0,0,0,0,0,0,0,0,0,0,0,0,0,0,0,0,0,0,0
Lee Hendrie,1,0,0,0,0,0,0,0,0,0,0,0,0,0,0,0,0,0,0,0,0,0
Steve Guppy,1,0,0,0,0,0,0,0,0,0,0,0,0,0,0,0,0,0,0,0,0,0
Seth Johnson,1,0,0,0,0,0,0,0,0,0,0,0,0,0,0,0,0,0,0,0,0,0
Michael Ball,1,0,0,0,0,0,0,0,0,0,0,0,0,0,0,0,0,0,0,0,0,0
Gavin McCann,1,0,0,0,0,0,0,0,0,0,0,0,0,0,0,0,0,0,0,0,0,0
Michael Ricketts,1,0,0,0,0,0,0,0,0,0,0,0,0,0,0,0,0,0,0,0,0,0
David Dunn,1,0,0,0,0,0,0,0,0,0,0,0,0,0,0,0,0,0,0,0,0,0
Lee Bowyer,1,0,0,0,0,0,0,0,0,0,0,0,0,0,0,0,0,0,0,0,0,0
Alan Thompson,1,0,0,0,0,0,0,0,0,0,0,0,0,0,0,0,0,0,0,0,0,0
Anthony Gardner,1,0,0,0,0,0,0,0,0,0,0,0,0,0,0,0,0,0,0,0,0,0
Chris Kirkland,1,0,0,0,0,0,0,0,0,0,0,0,0,0,0,0,0,0,0,0,0,0
Joey Barton,1,0,0,0,0,0,0,0,0,0,0,0,0,0,0,0,0,0,0,0,0,0
Dean Ashton,1,0,0,0,0,0,0,0,0,0,0,0,0,0,0,0,0,0,0,0,0,0
Kevin Davies,1,0,0,0,0,0,0,0,0,0,0,0,0,0,0,0,0,0,0,0,0,0
Matt Jarvis,1,0,0,0,0,0,0,0,0,0,0,0,0,0,0,0,0,0,0,0,0,0
Jay Bothroyd,1,0,0,0,0,0,0,0,0,0,0,0,0,0,0,0,0,0,0,0,0,0
Fraizer Campbell,1,0,0,0,0,0,0,0,0,0,0,0,0,0,0,0,0,0,0,0,0,0
Martin Kelly,1,0,0,0,0,0,0,0,0,0,0,0,0,0,0,0,0,0,0,0,0,0
John Ruddy,1,0,0,0,0,0,0,0,0,0,0,0,0,0,0,0,0,0,0,0,0,0
Ryan Shawcross,1,0,0,0,0,0,0,0,0,0,0,0,0,0,0,0,0,0,0,0,0,0
Carl Jenkinson,1,0,0,0,0,0,0,0,0,0,0,0,0,0,0,0,0,0,0,0,0,0
Jay Rodriguez,1,0,0,0,0,0,0,0,0,0,0,0,0,0,0,0,0,0,0,0,0,0
Robert Barker,1,0,0,0,0,0,0,0,0,0,0,0,0,0,0,0,0,0,0,0,0,0
Frederick Chappell,1,0,0,0,0,0,0,0,0,0,0,0,0,0,0,0,0,0,0,0,0,0
Arnold Kirke Smith,1,0,0,0,0,0,0,0,0,0,0,0,0,0,0,0,0,0,0,0,0,0
Charlie Clegg,1,0,0,0,0,0,0,0,0,0,0,0,0,0,0,0,0,0,0,0,0,0
John Brockbank,1,0,0,0,0,0,0,0,0,0,0,0,0,0,0,0,0,0,0,0,0,0
Charles Morice,1,0,0,0,0,0,0,0,0,0,0,0,0,0,0,0,0,0,0,0,0,0
Alexander Morten,1,0,0,0,0,0,0,0,0,0,0,0,0,0,0,0,0,0,0,0,0,0
Alfred Goodwyn,1,0,0,0,0,0,0,0,0,0,0,0,0,0,0,0,0,0,0,0,0,0
Robert Vidal,1,0,0,0,0,0,0,0,0,0,0,0,0,0,0,0,0,0,0,0,0,0
Leonard Howell,1,0,0,0,0,0,0,0,0,0,0,0,0,0,0,0,0,0,0,0,0,0
Robert Ogilvie,1,0,0,0,0,0,0,0,0,0,0,0,0,0,0,0,0,0,0,0,0,0
Alfred Stratford,1,0,0,0,0,0,0,0,0,0,0,0,0,0,0,0,0,0,0,0,0,0
John Edwards,1,0,0,0,0,0,0,0,0,0,0,0,0,0,0,0,0,0,0,0,0,0
John Owen,1,0,0,0,0,0,0,0,0,0,0,0,0,0,0,0,0,0,0,0,0,0
William Carr,1,0,0,0,0,0,0,0,0,0,0,0,0,0,0,0,0,0,0,0,0,0
Edward Haygarth,1,0,0,0,0,0,0,0,0,0,0,0,0,0,0,0,0,0,0,0,0,0
Herbert Rawson,1,0,0,0,0,0,0,0,0,0,0,0,0,0,0,0,0,0,0,0,0,0
Richard Geaves,1,0,0,0,0,0,0,0,0,0,0,0,0,0,0,0,0,0,0,0,0,0
Arthur Savage,1,0,0,0,0,0,0,0,0,0,0,0,0,0,0,0,0,0,0,0,0,0
Fred Green,1,0,0,0,0,0,0,0,0,0,0,0,0,0,0,0,0,0,0,0,0,0
Ernest Bambridge,1,0,0,0,0,0,0,0,0,0,0,0,0,0,0,0,0,0,0,0,0,0
Frank Heron,1,0,0,0,0,0,0,0,0,0,0,0,0,0,0,0,0,0,0,0,0,0
Charles Eastlake Smith,1,0,0,0,0,0,0,0,0,0,0,0,0,0,0,0,0,0,0,0,0,0
Walter Buchanan,1,0,0,0,0,0,0,0,0,0,0,0,0,0,0,0,0,0,0,0,0,0
Monty Betts,1,0,0,0,0,0,0,0,0,0,0,0,0,0,0,0,0,0,0,0,0,0
William Lindsay,1,0,0,0,0,0,0,0,0,0,0,0,0,0,0,0,0,0,0,0,0,0
Cecil Wingfield-Stratford,1,0,0,0,0,0,0,0,0,0,0,0,0,0,0,0,0,0,0,0,0,0
John Bain,1,0,0,0,0,0,0,0,0,0,0,0,0,0,0,0,0,0,0,0,0,0
Edward Lyttelton,1,0,0,0,0,0,0,0,0,0,0,0,0,0,0,0,0,0,0,0,0,0
Conrad Warner,1,0,0,0,0,0,0,0,0,0,0,0,0,0,0,0,0,0,0,0,0,0
Percy Fairclough,1,0,0,0,0,0,0,0,0,0,0,0,0,0,0,0,0,0,0,0,0,0
John Wylie,1,0,0,0,0,0,0,0,0,0,0,0,0,0,0,0,0,0,0,0,0,0
Rupert Anderson,1,0,0,0,0,0,0,0,0,0,0,0,0,0,0,0,0,0,0,0,0,0
Reg Birkett,1,0,0,0,0,0,0,0,0,0,0,0,0,0,0,0,0,0,0,0,0,0
Edward Christian,1,0,0,0,0,0,0,0,0,0,0,0,0,0,0,0,0,0,0,0,0,0
Harold Morse,1,0,0,0,0,0,0,0,0,0,0,0,0,0,0,0,0,0,0,0,0,0
James Prinsep,1,0,0,0,0,0,0,0,0,0,0,0,0,0,0,0,0,0,0,0,0,0
Arnold Hills,1,0,0,0,0,0,0,0,0,0,0,0,0,0,0,0,0,0,0,0,0,0
Segar Bastard,1,0,0,0,0,0,0,0,0,0,0,0,0,0,0,0,0,0,0,0,0,0
Sam Widdowson,1,0,0,0,0,0,0,0,0,0,0,0,0,0,0,0,0,0,0,0,0,0
John Sands,1,0,0,0,0,0,0,0,0,0,0,0,0,0,0,0,0,0,0,0,0,0
Alf Harvey,1,0,0,0,0,0,0,0,0,0,0,0,0,0,0,0,0,0,0,0,0,0
George Tait,1,0,0,0,0,0,0,0,0,0,0,0,0,0,0,0,0,0,0,0,0,0
Reg Macaulay,1,0,0,0,0,0,0,0,0,0,0,0,0,0,0,0,0,0,0,0,0,0
John Rawlinson,1,0,0,0,0,0,0,0,0,0,0,0,0,0,0,0,0,0,0,0,0,0
Robert King,1,0,0,0,0,0,0,0,0,0,0,0,0,0,0,0,0,0,0,0,0,0
Horace Barnet,1,0,0,0,0,0,0,0,0,0,0,0,0,0,0,0,0,0,0,0,0,0
Percival Parr,1,0,0,0,0,0,0,0,0,0,0,0,0,0,0,0,0,0,0,0,0,0
Bruce Russell,1,0,0,0,0,0,0,0,0,0,0,0,0,0,0,0,0,0,0,0,0,0
Jack Hudson,1,0,0,0,0,0,0,0,0,0,0,0,0,0,0,0,0,0,0,0,0,0
Jimmy Ward,1,0,0,0,0,0,0,0,0,0,0,0,0,0,0,0,0,0,0,0,0,0
John Dixon,1,0,0,0,0,0,0,0,0,0,0,0,0,0,0,0,0,0,0,0,0,0
Tom Danks,1,0,0,0,0,0,0,0,0,0,0,0,0,0,0,0,0,0,0,0,0,0
George Shutt,1,0,0,0,0,0,0,0,0,0,0,0,0,0,0,0,0,0,0,0,0,0
Charley Dobson,1,0,0,0,0,0,0,0,0,0,0,0,0,0,0,0,0,0,0,0,0,0
Teddy Leighton,1,0,0,0,0,0,0,0,0,0,0,0,0,0,0,0,0,0,0,0,0,0
Thelwell Pike,1,0,0,0,0,0,0,0,0,0,0,0,0,0,0,0,0,0,0,0,0,0
Jimmy Sayer,1,0,0,0,0,0,0,0,0,0,0,0,0,0,0,0,0,0,0,0,0,0
Teddy Brayshaw,1,0,0,0,0,0,0,0,0,0,0,0,0,0,0,0,0,0,0,0,0,0
Frank Saunders,1,0,0,0,0,0,0,0,0,0,0,0,0,0,0,0,0,0,0,0,0,0
Charlie Shelton,1,0,0,0,0,0,0,0,0,0,0,0,0,0,0,0,0,0,0,0,0,0
Arthur Lowder,1,0,0,0,0,0,0,0,0,0,0,0,0,0,0,0,0,0,0,0,0,0
Billy Betts,1,0,0,0,0,0,0,0,0,0,0,0,0,0,0,0,0,0,0,0,0,0
Frank Burton,1,0,0,0,0,0,0,0,0,0,0,0,0,0,0,0,0,0,0,0,0,0
Henry Hammond,1,0,0,0,0,0,0,0,0,0,0,0,0,0,0,0,0,0,0,0,0,0
Nat Walton,1,0,0,0,0,0,0,0,0,0,0,0,0,0,0,0,0,0,0,0,0,0
Joe Marsden,1,0,0,0,0,0,0,0,0,0,0,0,0,0,0,0,0,0,0,0,0,0
Jem Bayliss,1,0,0,0,0,0,0,0,0,0,0,0,0,0,0,0,0,0,0,0,0,0
Leonard Wilkinson,1,0,0,0,0,0,0,0,0,0,0,0,0,0,0,0,0,0,0,0,0,0
Tom Porteous,1,0,0,0,0,0,0,0,0,0,0,0,0,0,0,0,0,0,0,0,0,0
Elphinstone Jackson,1,0,0,0,0,0,0,0,0,0,0,0,0,0,0,0,0,0,0,0,0,0
Harry Lilley,1,0,0,0,0,0,0,0,0,0,0,0,0,0,0,0,0,0,0,0,0,0
John Cox,1,0,0,0,0,0,0,0,0,0,0,0,0,0,0,0,0,0,0,0,0,0
Michael Whitham,1,0,0,0,0,0,0,0,0,0,0,0,0,0,0,0,0,0,0,0,0,0
Jackie Pearson,1,0,0,0,0,0,0,0,0,0,0,0,0,0,0,0,0,0,0,0,0,0
Chris Charsley,1,0,0,0,0,0,0,0,0,0,0,0,0,0,0,0,0,0,0,0,0,0
Norman Cooper,1,0,0,0,0,0,0,0,0,0,0,0,0,0,0,0,0,0,0,0,0,0
Joe Reader,1,0,0,0,0,0,0,0,0,0,0,0,0,0,0,0,0,0,0,0,0,0
Harry Chippendale,1,0,0,0,0,0,0,0,0,0,0,0,0,0,0,0,0,0,0,0,0,0
Arthur Topham,1,0,0,0,0,0,0,0,0,0,0,0,0,0,0,0,0,0,0,0,0,0
Richard Barker,1,0,0,0,0,0,0,0,0,0,0,0,0,0,0,0,0,0,0,0,0,0
Hugh Stanbrough,1,0,0,0,0,0,0,0,0,0,0,0,0,0,0,0,0,0,0,0,0,0
Gerard Dewhurst,1,0,0,0,0,0,0,0,0,0,0,0,0,0,0,0,0,0,0,0,0,0
Pinky Burnup,1,0,0,0,0,0,0,0,0,0,0,0,0,0,0,0,0,0,0,0,0,0
Bernard Middleditch,1,0,0,0,0,0,0,0,0,0,0,0,0,0,0,0,0,0,0,0,0,0
Harry Bradshaw,1,0,0,0,0,0,0,0,0,0,0,0,0,0,0,0,0,0,0,0,0,0
Billy Foulke,1,0,0,0,0,0,0,0,0,0,0,0,0,0,0,0,0,0,0,0,0,0
Charlie Richards,1,0,0,0,0,0,0,0,0,0,0,0,0,0,0,0,0,0,0,0,0,0
Ben Garfield,1,0,0,0,0,0,0,0,0,0,0,0,0,0,0,0,0,0,0,0,0,0
Tom Perry,1,0,0,0,0,0,0,0,0,0,0,0,0,0,0,0,0,0,0,0,0,0
Jack Hillman,1,0,0,0,0,0,0,0,0,0,0,0,0,0,0,0,0,0,0,0,0,0
Phil Bach,1,0,0,0,0,0,0,0,0,0,0,0,0,0,0,0,0,0,0,0,0,0
Dan Cunliffe,1,0,0,0,0,0,0,0,0,0,0,0,0,0,0,0,0,0,0,0,0,0
Fred Priest,1,0,0,0,0,0,0,0,0,0,0,0,0,0,0,0,0,0,0,0,0,0
Alf Spouncer,1,0,0,0,0,0,0,0,0,0,0,0,0,0,0,0,0,0,0,0,0,0
Jack Plant,1,0,0,0,0,0,0,0,0,0,0,0,0,0,0,0,0,0,0,0,0,0
William Jones,1,0,0,0,0,0,0,0,0,0,0,0,0,0,0,0,0,0,0,0,0,0
CB Fry,1,0,0,0,0,0,0,0,0,0,0,0,0,0,0,0,0,0,0,0,0,0
George Hedley,1,0,0,0,0,0,0,0,0,0,0,0,0,0,0,0,0,0,0,0,0,0
Bert Banks,1,0,0,0,0,0,0,0,0,0,0,0,0,0,0,0,0,0,0,0,0,0
Matt Kingsley,1,0,0,0,0,0,0,0,0,0,0,0,0,0,0,0,0,0,0,0,0,0
Bertie Corbett,1,0,0,0,0,0,0,0,0,0,0,0,0,0,0,0,0,0,0,0,0,0
Walter Abbott,1,0,0,0,0,0,0,0,0,0,0,0,0,0,0,0,0,0,0,0,0,0
Bert Lipsham,1,0,0,0,0,0,0,0,0,0,0,0,0,0,0,0,0,0,0,0,0,0
Jack Calvey,1,0,0,0,0,0,0,0,0,0,0,0,0,0,0,0,0,0,0,0,0,0
Tom Holford,1,0,0,0,0,0,0,0,0,0,0,0,0,0,0,0,0,0,0,0,0,0
Harry Hadley,1,0,0,0,0,0,0,0,0,0,0,0,0,0,0,0,0,0,0,0,0,0
Arthur Lockett,1,0,0,0,0,0,0,0,0,0,0,0,0,0,0,0,0,0,0,0,0,0
Billy Garraty,1,0,0,0,0,0,0,0,0,0,0,0,0,0,0,0,0,0,0,0,0,0
Rex Corbett,1,0,0,0,0,0,0,0,0,0,0,0,0,0,0,0,0,0,0,0,0,0
Percy Humphreys,1,0,0,0,0,0,0,0,0,0,0,0,0,0,0,0,0,0,0,0,0,0
Arthur Capes,1,0,0,0,0,0,0,0,0,0,0,0,0,0,0,0,0,0,0,0,0,0
Billy Felton,1,0,0,0,0,0,0,0,0,0,0,0,0,0,0,0,0,0,0,0,0,0
Freddie Fox,1,0,0,0,0,0,0,0,0,0,0,0,0,0,0,0,0,0,0,0,0,0
John Gidman,1,0,0,0,0,0,0,0,0,0,0,0,0,0,0,0,0,0,0,0,0,0
Peter Davenport,1,0,0,0,0,0,0,0,0,0,0,0,0,0,0,0,0,0,0,0,0,0
Bernard Wilkinson,1,0,0,0,0,0,0,0,0,0,0,0,0,0,0,0,0,0,0,0,0,0
Tom Parker,1,0,0,0,0,0,0,0,0,0,0,0,0,0,0,0,0,0,0,0,0,0
Peter Ward,1,0,0,0,0,0,0,0,0,0,0,0,0,0,0,0,0,0,0,0,0,0
Nick Pickering,1,0,0,0,0,0,0,0,0,0,0,0,0,0,0,0,0,0,0,0,0,0
Nigel Spink,1,0,0,0,0,0,0,0,0,0,0,0,0,0,0,0,0,0,0,0,0,0
Brian Stein,1,0,0,0,0,0,0,0,0,0,0,0,0,0,0,0,0,0,0,0,0,0
Trevor Whymark,1,0,0,0,0,0,0,0,0,0,0,0,0,0,0,0,0,0,0,0,0,0
William Bryant,1,0,0,0,0,0,0,0,0,0,0,0,0,0,0,0,0,0,0,0,0,0
Billy Balmer,1,0,0,0,0,0,0,0,0,0,0,0,0,0,0,0,0,0,0,0,0,0
Phil Parkes,1,0,0,0,0,0,0,0,0,0,0,0,0,0,0,0,0,0,0,0,0,0
Alan Sunderland,1,0,0,0,0,0,0,0,0,0,0,0,0,0,0,0,0,0,0,0,0,0
Charlie George,1,0,0,0,0,0,0,0,0,0,0,0,0,0,0,0,0,0,0,0,0,0
John Richards,1,0,0,0,0,0,0,0,0,0,0,0,0,0,0,0,0,0,0,0,0,0
Steve Perryman,1,0,0,0,0,0,0,0,0,0,0,0,0,0,0,0,0,0,0,0,0,0
Brian Little,1,0,0,0,0,0,0,0,0,0,0,0,0,0,0,0,0,0,0,0,0,0
Phil Boyer,1,0,0,0,0,0,0,0,0,0,0,0,0,0,0,0,0,0,0,0,0,0
Jimmy Rimmer,1,0,0,0,0,0,0,0,0,0,0,0,0,0,0,0,0,0,0,0,0,0
Frank Booth,1,0,0,0,0,0,0,0,0,0,0,0,0,0,0,0,0,0,0,0,0,0
Frank Hartley,1,0,0,0,0,0,0,0,0,0,0,0,0,0,0,0,0,0,0,0,0,0
Sid Bowser,1,0,0,0,0,0,0,0,0,0,0,0,0,0,0,0,0,0,0,0,0,0
Frank Barson,1,0,0,0,0,0,0,0,0,0,0,0,0,0,0,0,0,0,0,0,0,0
Arthur Cowell,1,0,0,0,0,0,0,0,0,0,0,0,0,0,0,0,0,0,0,0,0,0
Arthur Knight,1,0,0,0,0,0,0,0,0,0,0,0,0,0,0,0,0,0,0,0,0,0
Jimmy Bagshaw,1,0,0,0,0,0,0,0,0,0,0,0,0,0,0,0,0,0,0,0,0,0
Horace Colclough,1,0,0,0,0,0,0,0,0,0,0,0,0,0,0,0,0,0,0,0,0,0
Harry Pantling,1,0,0,0,0,0,0,0,0,0,0,0,0,0,0,0,0,0,0,0,0,0
Henry Martin,1,0,0,0,0,0,0,0,0,0,0,0,0,0,0,0,0,0,0,0,0,0
Fred Bullock,1,0,0,0,0,0,0,0,0,0,0,0,0,0,0,0,0,0,0,0,0,0
Ernie Scattergood,1,0,0,0,0,0,0,0,0,0,0,0,0,0,0,0,0,0,0,0,0,0
Harry Jones,1,0,0,0,0,0,0,0,0,0,0,0,0,0,0,0,0,0,0,0,0,0
Jack Alderson,1,0,0,0,0,0,0,0,0,0,0,0,0,0,0,0,0,0,0,0,0,0
George Richards,1,0,0,0,0,0,0,0,0,0,0,0,0,0,0,0,0,0,0,0,0,0
Bob Benson,1,0,0,0,0,0,0,0,0,0,0,0,0,0,0,0,0,0,0,0,0,0
Tommy Boyle,1,0,0,0,0,0,0,0,0,0,0,0,0,0,0,0,0,0,0,0,0,0
Clem Stephenson,1,0,0,0,0,0,0,0,0,0,0,0,0,0,0,0,0,0,0,0,0,0
Bert Bliss,1,0,0,0,0,0,0,0,0,0,0,0,0,0,0,0,0,0,0,0,0,0
Harold Gough,1,0,0,0,0,0,0,0,0,0,0,0,0,0,0,0,0,0,0,0,0,0
Seth Plum,1,0,0,0,0,0,0,0,0,0,0,0,0,0,0,0,0,0,0,0,0,0
Frank Buckley,1,0,0,0,0,0,0,0,0,0,0,0,0,0,0,0,0,0,0,0,0,0
Tommy Meehan,1,0,0,0,0,0,0,0,0,0,0,0,0,0,0,0,0,0,0,0,0,0
Bert Morley,1,0,0,0,0,0,0,0,0,0,0,0,0,0,0,0,0,0,0,0,0,0
Jack Fort,1,0,0,0,0,0,0,0,0,0,0,0,0,0,0,0,0,0,0,0,0,0
Harry Hardy,1,0,0,0,0,0,0,0,0,0,0,0,0,0,0,0,0,0,0,0,0,0
Billy Butler,1,0,0,0,0,0,0,0,0,0,0,0,0,0,0,0,0,0,0,0,0,0
Dickie Downs,1,0,0,0,0,0,0,0,0,0,0,0,0,0,0,0,0,0,0,0,0,0
Albert Read,1,0,0,0,0,0,0,0,0,0,0,0,0,0,0,0,0,0,0,0,0,0
Jack Mew,1,0,0,0,0,0,0,0,0,0,0,0,0,0,0,0,0,0,0,0,0,0
Jack Butler,1,0,0,0,0,0,0,0,0,0,0,0,0,0,0,0,0,0,0,0,0,0
Max Woosnam,1,0,0,0,0,0,0,0,0,0,0,0,0,0,0,0,0,0,0,0,0,0
Ernie Simms,1,0,0,0,0,0,0,0,0,0,0,0,0,0,0,0,0,0,0,0,0,0
George Blackburn,1,0,0,0,0,0,0,0,0,0,0,0,0,0,0,0,0,0,0,0,0,0
Billy Hibbert,1,0,0,0,0,0,0,0,0,0,0,0,0,0,0,0,0,0,0,0,0,0
George Utley,1,0,0,0,0,0,0,0,0,0,0,0,0,0,0,0,0,0,0,0,0,0
Fred Mitchell,1,0,0,0,0,0,0,0,0,0,0,0,0,0,0,0,0,0,0,0,0,0
Archibald Rawlings,1,0,0,0,0,0,0,0,0,0,0,0,0,0,0,0,0,0,0,0,0,0
Wally Hardinge,1,0,0,0,0,0,0,0,0,0,0,0,0,0,0,0,0,0,0,0,0,0
Tommy Cook,1,0,0,0,0,0,0,0,0,0,0,0,0,0,0,0,0,0,0,0,0,0
Lady Woodger,1,0,0,0,0,0,0,0,0,0,0,0,0,0,0,0,0,0,0,0,0,0
Irvine Thornley,1,0,0,0,0,0,0,0,0,0,0,0,0,0,0,0,0,0,0,0,0,0
Bert Hall,1,0,0,0,0,0,0,0,0,0,0,0,0,0,0,0,0,0,0,0,0,0
Teddy Davison,1,0,0,0,0,0,0,0,0,0,0,0,0,0,0,0,0,0,0,0,0,0
Hugh Moffat,1,0,0,0,0,0,0,0,0,0,0,0,0,0,0,0,0,0,0,0,0,0
Ronnie Sewell,1,0,0,0,0,0,0,0,0,0,0,0,0,0,0,0,0,0,0,0,0,0
Graham Doggart,1,0,0,0,0,0,0,0,0,0,0,0,0,0,0,0,0,0,0,0,0,0
Bert Lee,1,0,0,0,0,0,0,0,0,0,0,0,0,0,0,0,0,0,0,0,0,0
Joe Cottle,1,0,0,0,0,0,0,0,0,0,0,0,0,0,0,0,0,0,0,0,0,0
Gordon Wright,1,0,0,0,0,0,0,0,0,0,0,0,0,0,0,0,0,0,0,0,0,0
Bert Gosnell,1,0,0,0,0,0,0,0,0,0,0,0,0,0,0,0,0,0,0,0,0,0
Jimmy Conlin,1,0,0,0,0,0,0,0,0,0,0,0,0,0,0,0,0,0,0,0,0,0
Tim Coleman,1,0,0,0,0,0,0,0,0,0,0,0,0,0,0,0,0,0,0,0,0,0
Harry Maskrey,1,0,0,0,0,0,0,0,0,0,0,0,0,0,0,0,0,0,0,0,0,0
Arthur Berry,1,0,0,0,0,0,0,0,0,0,0,0,0,0,0,0,0,0,0,0,0,0
Bob Turnbull,1,0,0,0,0,0,0,0,0,0,0,0,0,0,0,0,0,0,0,0,0,0
Jack Bamber,1,0,0,0,0,0,0,0,0,0,0,0,0,0,0,0,0,0,0,0,0,0
Bert Coleman,1,0,0,0,0,0,0,0,0,0,0,0,0,0,0,0,0,0,0,0,0,0
Arthur Willis,1,0,0,0,0,0,0,0,0,0,0,0,0,0,0,0,0,0,0,0,0,0
Alex Stepney,1,0,0,0,0,0,0,0,0,0,0,0,0,0,0,0,0,0,0,0,0,0
Gordon Harris,1,0,0,0,0,0,0,0,0,0,0,0,0,0,0,0,0,0,0,0,0,0
Ken Brown,1,0,0,0,0,0,0,0,0,0,0,0,0,0,0,0,0,0,0,0,0,0
Colin Harvey,1,0,0,0,0,0,0,0,0,0,0,0,0,0,0,0,0,0,0,0,0,0
Derek Temple,1,0,0,0,0,0,0,0,0,0,0,0,0,0,0,0,0,0,0,0,0,0
Bernard Streten,1,0,0,0,0,0,0,0,0,0,0,0,0,0,0,0,0,0,0,0,0,0
Ian Storey-Moore,1,0,0,0,0,0,0,0,0,0,0,0,0,0,0,0,0,0,0,0,0,0
John Hollins,1,0,0,0,0,0,0,0,0,0,0,0,0,0,0,0,0,0,0,0,0,0
Arthur Milton,1,0,0,0,0,0,0,0,0,0,0,0,0,0,0,0,0,0,0,0,0,0
Ernie Taylor,1,0,0,0,0,0,0,0,0,0,0,0,0,0,0,0,0,0,0,0,0,0
Derek Ufton,1,0,0,0,0,0,0,0,0,0,0,0,0,0,0,0,0,0,0,0,0,0
George Robb,1,0,0,0,0,0,0,0,0,0,0,0,0,0,0,0,0,0,0,0,0,0
Ken Shellito,1,0,0,0,0,0,0,0,0,0,0,0,0,0,0,0,0,0,0,0,0,0
Stan Rickaby,1,0,0,0,0,0,0,0,0,0,0,0,0,0,0,0,0,0,0,0,0,0
Len Oliver,1,0,0,0,0,0,0,0,0,0,0,0,0,0,0,0,0,0,0,0,0,0
Albert Barrett,1,0,0,0,0,0,0,0,0,0,0,0,0,0,0,0,0,0,0,0,0,0
Russell Wainscoat,1,0,0,0,0,0,0,0,0,0,0,0,0,0,0,0,0,0,0,0,0,0
Tommy Smith,1,0,0,0,0,0,0,0,0,0,0,0,0,0,0,0,0,0,0,0,0,0
Gerry Young,1,0,0,0,0,0,0,0,0,0,0,0,0,0,0,0,0,0,0,0,0,0
Brian Miller,1,0,0,0,0,0,0,0,0,0,0,0,0,0,0,0,0,0,0,0,0,0
Johnny Fantham,1,0,0,0,0,0,0,0,0,0,0,0,0,0,0,0,0,0,0,0,0,0
Chris Crowe,1,0,0,0,0,0,0,0,0,0,0,0,0,0,0,0,0,0,0,0,0,0
Danny Clapton,1,0,0,0,0,0,0,0,0,0,0,0,0,0,0,0,0,0,0,0,0,0
David Pegg,1,0,0,0,0,0,0,0,0,0,0,0,0,0,0,0,0,0,0,0,0,0
Ray Charnley,1,0,0,0,0,0,0,0,0,0,0,0,0,0,0,0,0,0,0,0,0,0
Herbie Roberts,1,0,0,0,0,0,0,0,0,0,0,0,0,0,0,0,0,0,0,0,0,0
Jesse Pye,1,0,0,0,0,0,0,0,0,0,0,0,0,0,0,0,0,0,0,0,0,0
John Angus,1,0,0,0,0,0,0,0,0,0,0,0,0,0,0,0,0,0,0,0,0,0
Ken Armstrong,1,0,0,0,0,0,0,0,0,0,0,0,0,0,0,0,0,0,0,0,0,0
Jimmy Meadows,1,0,0,0,0,0,0,0,0,0,0,0,0,0,0,0,0,0,0,0,0,0
Harry Clarke,1,0,0,0,0,0,0,0,0,0,0,0,0,0,0,0,0,0,0,0,0,0
Ron Henry,1,0,0,0,0,0,0,0,0,0,0,0,0,0,0,0,0,0,0,0,0,0
Brian Pilkington,1,0,0,0,0,0,0,0,0,0,0,0,0,0,0,0,0,0,0,0,0,0
Jackie Crawford,1,0,0,0,0,0,0,0,0,0,0,0,0,0,0,0,0,0,0,0,0,0
David Fairhurst,1,0,0,0,0,0,0,0,0,0,0,0,0,0,0,0,0,0,0,0,0,0
Bernard Joy,1,0,0,0,0,0,0,0,0,0,0,0,0,0,0,0,0,0,0,0,0,0
Jimmy Cunliffe,1,0,0,0,0,0,0,0,0,0,0,0,0,0,0,0,0,0,0,0,0,0
Jeff Blockley,1,0,0,0,0,0,0,0,0,0,0,0,0,0,0,0,0,0,0,0,0,0
Ralph Birkett,1,0,0,0,0,0,0,0,0,0,0,0,0,0,0,0,0,0,0,0,0,0
John Wheeler,1,0,0,0,0,0,0,0,0,0,0,0,0,0,0,0,0,0,0,0,0,0
Billy Austin,1,0,0,0,0,0,0,0,0,0,0,0,0,0,0,0,0,0,0,0,0,0
George Tweedy,1,0,0,0,0,0,0,0,0,0,0,0,0,0,0,0,0,0,0,0,0,0
Tom Smalley,1,0,0,0,0,0,0,0,0,0,0,0,0,0,0,0,0,0,0,0,0,0
Sep Smith,1,0,0,0,0,0,0,0,0,0,0,0,0,0,0,0,0,0,0,0,0,0
Albert McInroy,1,0,0,0,0,0,0,0,0,0,0,0,0,0,0,0,0,0,0,0,0,0
Willie Pease,1,0,0,0,0,0,0,0,0,0,0,0,0,0,0,0,0,0,0,0,0,0
George Waterfield,1,0,0,0,0,0,0,0,0,0,0,0,0,0,0,0,0,0,0,0,0,0
Billy Scott,1,0,0,0,0,0,0,0,0,0,0,0,0,0,0,0,0,0,0,0,0,0
Jack Ball,1,0,0,0,0,0,0,0,0,0,0,0,0,0,0,0,0,0,0,0,0,0
Richard Hill,1,0,0,0,0,0,0,0,0,0,0,0,0,0,0,0,0,0,0,0,0,0
Tom Wilson,1,0,0,0,0,0,0,0,0,0,0,0,0,0,0,0,0,0,0,0,0,0
Dan Tremelling,1,0,0,0,0,0,0,0,0,0,0,0,0,0,0,0,0,0,0,0,0,0
George Armitage,1,0,0,0,0,0,0,0,0,0,0,0,0,0,0,0,0,0,0,0,0,0
Frank Hudspeth,1,0,0,0,0,0,0,0,0,0,0,0,0,0,0,0,0,0,0,0,0,0
Ray Barlow,1,0,0,0,0,0,0,0,0,0,0,0,0,0,0,0,0,0,0,0,0,0
Bill Foulkes,1,0,0,0,0,0,0,0,0,0,0,0,0,0,0,0,0,0,0,0,0,0
George Ashmore,1,0,0,0,0,0,0,0,0,0,0,0,0,0,0,0,0,0,0,0,0,0
Ted Harper,1,0,0,0,0,0,0,0,0,0,0,0,0,0,0,0,0,0,0,0,0,0
Harold Pearson,1,0,0,0,0,0,0,0,0,0,0,0,0,0,0,0,0,0,0,0,0,0
George Shaw,1,0,0,0,0,0,0,0,0,0,0,0,0,0,0,0,0,0,0,0,0,0
Reg Osborne,1,0,0,0,0,0,0,0,0,0,0,0,0,0,0,0,0,0,0,0,0,0
Jackie Bestall,1,0,0,0,0,0,0,0,0,0,0,0,0,0,0,0,0,0,0,0,0,0
Teddy Sandford,1,0,0,0,0,0,0,0,0,0,0,0,0,0,0,0,0,0,0,0,0,0
Jim Barrett,1,0,0,0,0,0,0,0,0,0,0,0,0,0,0,0,0,0,0,0,0,0
Micky Fenton,1,0,0,0,0,0,0,0,0,0,0,0,0,0,0,0,0,0,0,0,0,0
Arthur Rowe,1,0,0,0,0,0,0,0,0,0,0,0,0,0,0,0,0,0,0,0,0,0
Billy Furness,1,0,0,0,0,0,0,0,0,0,0,0,0,0,0,0,0,0,0,0,0,0
Harry Betmead,1,0,0,0,0,0,0,0,0,0,0,0,0,0,0,0,0,0,0,0,0,0
Jack Pickering,1,0,0,0,0,0,0,0,0,0,0,0,0,0,0,0,0,0,0,0,0,0
Jimmy Hagan,1,0,0,0,0,0,0,0,0,0,0,0,0,0,0,0,0,0,0,0,0,0
Eddie Shimwell,1,0,0,0,0,0,0,0,0,0,0,0,0,0,0,0,0,0,0,0,0,0
Walter Alsford,1,0,0,0,0,0,0,0,0,0,0,0,0,0,0,0,0,0,0,0,0,0
Tony Brown,1,0,0,0,0,0,0,0,0,0,0,0,0,0,0,0,0,0,0,0,0,0
WG Richardson,1,0,0,0,0,0,0,0,0,0,0,0,0,0,0,0,0,0,0,0,0,0
George Eastham,1,0,0,0,0,0,0,0,0,0,0,0,0,0,0,0,0,0,0,0,0,0
Johnny Arnold,1,0,0,0,0,0,0,0,0,0,0,0,0,0,0,0,0,0,0,0,0,0
Alf Baker,1,0,0,0,0,0,0,0,0,0,0,0,0,0,0,0,0,0,0,0,0,0
Claude Ashton,1,0,0,0,0,0,0,0,0,0,0,0,0,0,0,0,0,0,0,0,0,0
Joe Beresford,1,0,0,0,0,0,0,0,0,0,0,0,0,0,0,0,0,0,0,0,0,0
Tommy White,1,0,0,0,0,0,0,0,0,0,0,0,0,0,0,0,0,0,0,0,0,0
Bobby Gurney,1,0,0,0,0,0,0,0,0,0,0,0,0,0,0,0,0,0,0,0,0,0
Doug Wright,1,0,0,0,0,0,0,0,0,0,0,0,0,0,0,0,0,0,0,0,0,0
Leslie Smith,1,0,0,0,0,0,0,0,0,0,0,0,0,0,0,0,0,0,0,0,0,0
